順位,チャンネル名,チャンネルURL,転載本数,直近の投稿,主な形式,検索上位に出ている本数,判定目安
1,藤田 七海,https://www.youtube.com/channel/UCe0KTxGVR84qUjkAHQb-wGg,70,2 週間前,朗読/同形式,3,要中身確認（一部に再生あり）
2,スカッと物語,https://www.youtube.com/channel/UCLz5UoQMIAja9LyZIOCYmQg,29,8 日前,朗読/同形式,0,転載の可能性高（再生ほぼ0）
3,出る杭は打たれる,https://www.youtube.com/channel/UCAmIDIbiOxKA9YSVK0aYSZQ,27,2 か月前,朗読/同形式,0,転載の可能性高（再生ほぼ0）
4,良い話,https://www.youtube.com/channel/UCSrk1OzKlw4sCvRbksLDgcQ,24,5 日前,朗読/同形式,3,転載の可能性高（再生ほぼ0）
5,家庭の真実 5497,https://www.youtube.com/channel/UCqzVZHS7_AHD3WczZdnOkwg,20,3 週間前,朗読/同形式,2,転載の可能性高（再生ほぼ0）
6,スカッとストーリー 5006,https://www.youtube.com/channel/UC1x3I0LM2SzXkpn57uaFuQA,18,1 か月前,朗読/同形式,0,要中身確認（一部に再生あり）
7,嫁ゴコロ逆転朗読館,https://www.youtube.com/channel/UCQDSjWHn0tvkuVZav4jZnXQ,18,6 日前,朗読/同形式,2,転載の可能性高（再生ほぼ0）
8, 読書室【スカッとする話】,https://www.youtube.com/channel/UCjQd7ZVm5BPbGpB_V9B6kgQ,17,1 年前,朗読/同形式,1,転載の可能性高（再生ほぼ0）
9,憂鬱よりスカッと,https://www.youtube.com/channel/UC8bvniIkSPPf_5ELr1VNZCQ,17,2 年前,朗読/同形式,0,転載の可能性高（再生ほぼ0）
10,とする話 ,https://www.youtube.com/channel/UC-1KoQRWd1ijwgKpAmRTQ7A,16,1 年前,朗読/同形式,1,転載の可能性高（再生ほぼ0）
11,Dima Tomashevich,https://www.youtube.com/channel/UCkfiH3lPVPodePE4eNSDpWg,15,2 年前,朗読/同形式,2,転載の可能性高（再生ほぼ0）
12,さあ、どうぞ,https://www.youtube.com/channel/UCG-XF2tttCtNESz__p6GQ7w,15,2 か月前,朗読/同形式,1,転載の可能性高（再生ほぼ0）
13,フィクション 5637,https://www.youtube.com/channel/UCpdFO-yvHBX2xI9xHQMDE-A,15,1 か月前,朗読/同形式,0,要中身確認（再生あり＝台本違いの可能性）
14,女たちのスカッと物語,https://www.youtube.com/channel/UCpVDiaX7X6rpIOvjUGkm0kA,15,2 週間前,朗読/同形式,0,転載の可能性高（再生ほぼ0）
15,姑の裏の顔 5668,https://www.youtube.com/channel/UCAUkwErZzfdQ5NFOS49O-rw,15,2 週間前,朗読/同形式,1,転載の可能性高（再生ほぼ0）
16,孤独な心,https://www.youtube.com/channel/UCSNdJwT8r-r8xVDRxs6utlw,15,1 年前,朗読/同形式,1,転載の可能性高（再生ほぼ0）
17,義家族スカッと物語帳,https://www.youtube.com/channel/UCIZ41RBpQd7wBp_oOTGv1zw,15,6 日前,朗読/同形式,2,転載の可能性高（再生ほぼ0）
18,静かな夜の物語、雨の中の記憶,,15,2 週間前,朗読/同形式,2,転載の可能性高（再生ほぼ0）
19,Noah Qumi,https://www.youtube.com/channel/UCH4l3-r5NgR2RlKdoRwfzAw,14,7 日前,朗読/同形式,0,転載の可能性高（再生ほぼ0）
20,Shinji Datの人生物語,https://www.youtube.com/channel/UCpdX_bFCePsYvPWZAMQoaeg,14,2 か月前,朗読/同形式,1,要中身確認（一部に再生あり）
21,スカッとする話 5020,https://www.youtube.com/channel/UCAG5eZR0aJpGuShtjtimSEg,14,4 週間前,朗読/同形式,2,転載の可能性高（再生ほぼ0）
22,人生の光と影,https://www.youtube.com/channel/UCYX4tsWpykTmtfNq_i36C_w,14,8 日前,朗読/同形式,1,要中身確認（一部に再生あり）
23,美しい木,https://www.youtube.com/channel/UCKDhvWl0boDNeo65NQzjbOg,14,3 か月前,朗読/同形式,1,転載の可能性高（再生ほぼ0）
24,TINA SHTIBKO,https://www.youtube.com/channel/UCIQbb4FNm2BhP5GfSTbrQ4w,13,2 年前,朗読/同形式,0,転載の可能性高（再生ほぼ0）
25,フィクション 5634,https://www.youtube.com/channel/UCtx1aitp-eTJhv2c94bnBZQ,13,3 週間前,朗読/同形式,0,要中身確認（再生あり＝台本違いの可能性）
26,泥だらけの絆 5655,https://www.youtube.com/channel/UCdyvc7k9wPzVO9X62aCvguQ,13,13 日前,朗読/同形式,0,転載の可能性高（再生ほぼ0）
27,Bonnie Denver,https://www.youtube.com/channel/UCsdndA886timZqWK6_b0d0Q,12,1 年前,朗読/同形式,1,転載の可能性高（再生ほぼ0）
28,心温まるストーリー 4989,https://www.youtube.com/channel/UCS-VuYFB_DXsDhPHAzUS0JA,12,1 か月前,朗読/同形式,1,転載の可能性高（再生ほぼ0）
29,Jamison Abraham,https://www.youtube.com/channel/UCcUsK23eqHw3ZQA5HjspM9Q,11,1 年前,朗読/同形式,1,転載の可能性高（再生ほぼ0）
30,サヨナラの選択4848,https://www.youtube.com/channel/UCiDg2Vs1LHy6qIiV6ilje1A,11,3 週間前,朗読/同形式,0,転載の可能性高（再生ほぼ0）
31,シニア恋愛,https://www.youtube.com/channel/UCnd6MdoC_kW2CQVyL1AEERA,11,4 か月前,朗読/同形式,1,要中身確認（一部に再生あり）
32,スカッと朗読の部屋,https://www.youtube.com/channel/UCvO63auFe1UZQ_dHVqkGN7Q,11,2 か月前,朗読/同形式,0,転載の可能性高（再生ほぼ0）
33,スカッと逆転チャンネル,https://www.youtube.com/channel/UCdomxLx_o6zPSsAkEAokA3g,11,3 か月前,朗読/同形式,2,転載の可能性高（再生ほぼ0）
34,大人のスカッと物語,https://www.youtube.com/channel/UC3_22iiSJgBR1aGvyoWj1gg,11,2 か月前,朗読/同形式,1,転載の可能性高（再生ほぼ0）
35,心に灯る物語,https://www.youtube.com/channel/UC9RH_NC0WPeS4wTf1v8DyAA,11,8 日前,朗読/同形式,3,要中身確認（一部に再生あり）
36,心の影 5476,https://www.youtube.com/channel/UCurSn3tPfci7NFuBRTNZOQA,11,1 か月前,朗読/同形式,0,転載の可能性高（再生ほぼ0）
37,痛快!!怒りのスカッとチャンネル【スカッと朗読】,https://www.youtube.com/channel/UC96mO8pXAaiP70V7KUjVHqg,11,1 年前,朗読/同形式,0,転載の可能性高（再生ほぼ0）
38,雨の中の記憶、雨の中の記憶,,11,3 週間前,朗読/同形式,0,転載の可能性高（再生ほぼ0）
39,スカっとゼミ!!,https://www.youtube.com/channel/UC9Hd679L2faWD0aJQHeAlrA,10,1 年前,朗読/同形式,1,要中身確認（再生あり＝台本違いの可能性）
40,スカッと成敗ストーリー,https://www.youtube.com/channel/UC1iIGo491nSYyJ_AsgmPzyw,10,2 か月前,朗読/同形式,0,転載の可能性高（再生ほぼ0）
41,時を越える話,https://www.youtube.com/channel/UC_n9gc1na-2QpFv6TPInL3w,10,3 週間前,朗読/同形式,0,要中身確認（再生あり＝台本違いの可能性）
42,涙の向こう側,https://www.youtube.com/channel/UCOXAYjsxUMpublA1yS1ATIA,10,8 日前,朗読/同形式,3,要中身確認（一部に再生あり）
43,老いの詩,https://www.youtube.com/channel/UClKj-HO63gh7qxtT7M0czEQ,10,1 か月前,朗読/同形式,0,転載の可能性高（再生ほぼ0）
44,Ivan Ilencow,https://www.youtube.com/channel/UC6IzQHpKzqIt1DgjPouEefQ,9,2 年前,朗読/同形式,0,転載の可能性高（再生ほぼ0）
45,Legacy Apollo,https://www.youtube.com/channel/UC2YwIXq-utTkNLQgcRVloyQ,9,2 年前,朗読/同形式,1,転載の可能性高（再生ほぼ0）
46,Pendelton Gideon,https://www.youtube.com/channel/UCIRVjzjmTHwXA3X81dpyNeQ,9,1 年前,朗読/同形式,0,転載の可能性高（再生ほぼ0）
47,Павел ****,https://www.youtube.com/channel/UCSPg9ALk7YwnsqACClpErGg,9,2 年前,朗読/同形式,0,転載の可能性高（再生ほぼ0）
48,人生スカッと朗読館,https://www.youtube.com/channel/UChTkZ7g3oCCQG3XSqe69LWQ,9,5 日前,朗読/同形式,3,転載の可能性高（再生ほぼ0）
49,夜の語り部5056,https://www.youtube.com/channel/UCEvaB4r-6y7tj3UAoMEdqXA,9,1 か月前,朗読/同形式,0,転載の可能性高（再生ほぼ0）
50,妻の復讐 5649,https://www.youtube.com/channel/UC_-FBuCpoEW8RPG4j-oCbkg,9,2 週間前,朗読/同形式,0,転載の可能性高（再生ほぼ0）
51,小さな幸せ,https://www.youtube.com/channel/UCDan477oQB_h9RQ24R2fRhA,9,2 年前,朗読/同形式,2,転載の可能性高（再生ほぼ0）
52,心の琴線 5645,https://www.youtube.com/channel/UCiaf20iOL2Huh9928uSBP7A,9,3 週間前,朗読/同形式,3,転載の可能性高（再生ほぼ0）
53,暮らしの話 5688,https://www.youtube.com/channel/UCWk4WbfyjB8F0DF4kgNBEqw,9,4 週間前,朗読/同形式,2,要中身確認（再生あり＝台本違いの可能性）
54,隠された才能 5633,https://www.youtube.com/channel/UCxSupAhazSWDXBtwag7MUbA,9,1 か月前,朗読/同形式,1,要中身確認（再生あり＝台本違いの可能性）
55,Glasgow Blaise,https://www.youtube.com/channel/UCpgekY72DbNLBcPSI1lSVRA,8,1 年前,朗読/同形式,0,転載の可能性高（再生ほぼ0）
56,Vũ Thị Ánhu0236632 Vũ Thị Ánh,https://www.youtube.com/channel/UCv69G_Vx6JItDpPYNZrhX8w,8,1 年前,朗読/同形式,0,転載の可能性高（再生ほぼ0）
57,【黒服の審判】スカッと裏コンシェルジュ,https://www.youtube.com/channel/UCOx7plQYvEIJEFyXMyc9foQ,8,3 か月前,朗読/同形式,0,転載の可能性高（再生ほぼ0）
58,どこにでも自由,https://www.youtube.com/channel/UCdYAr7nX6UlKOOdkLLabNug,8,10 か月前,朗読/同形式,0,転載の可能性高（再生ほぼ0）
59,スカッと豆太郎,https://www.youtube.com/channel/UC84EpUMkWGBuDPcH0ENy7wQ,8,2 年前,朗読/同形式,0,要中身確認（再生あり＝台本違いの可能性）
60,人生劇場チャンネル5062,https://www.youtube.com/channel/UCDUjpUXLHRFyRStL02pHIwA,8,1 か月前,朗読/同形式,0,転載の可能性高（再生ほぼ0）
61,奈落の家族 5652,https://www.youtube.com/channel/UC-CxUAgCsbf-R4BwTN_XWHw,8,2 週間前,朗読/同形式,0,転載の可能性高（再生ほぼ0）
62,嫁の切り札朗読館,https://www.youtube.com/channel/UCJs7FR3NDs8ntlTSLFQBGOg,8,3 週間前,朗読/同形式,0,要中身確認（再生あり＝台本違いの可能性）
63,実話感動チャンネル,https://www.youtube.com/channel/UCekQO8WQ0udVSYSfX4Pymgw,8,1 か月前,朗読/同形式,4,要中身確認（再生あり＝台本違いの可能性）
64,家族の修羅場,https://www.youtube.com/channel/UCBh3ipHGoPZMTeNkEWdf5kQ,8,7 か月前,朗読/同形式,4,転載の可能性高（再生ほぼ0）
65,日本の物語 〜老後の人生〜,https://www.youtube.com/channel/UCEZOpLWYD1o09D4aS_BZmbA,8,1 か月前,朗読/同形式,1,転載の可能性高（再生ほぼ0）
66,明日への涙 5640,https://www.youtube.com/channel/UCMgqdL_Eaa1cwxS72pnAmCA,8,1 か月前,朗読/同形式,0,転載の可能性高（再生ほぼ0）
67,涙の食卓 5651,https://www.youtube.com/channel/UCDts-8SRBGNQEaBIhxtE0tw,8,2 週間前,朗読/同形式,1,転載の可能性高（再生ほぼ0）
68,静かなる横浜5037,https://www.youtube.com/channel/UCOIJmQi-cKQxqxTukmYLEHA,8,1 か月前,朗読/同形式,0,転載の可能性高（再生ほぼ0）
69,567 Lenmoban,https://www.youtube.com/channel/UCvdGGJHSzUfvS64FqivkrYQ,7,2 年前,朗読/同形式,0,転載の可能性高（再生ほぼ0）
70,578 Xitchohet,https://www.youtube.com/channel/UCxlkzHr78jVNai1RjN7f7cA,7,1 年前,朗読/同形式,0,転載の可能性高（再生ほぼ0）
71,Dung Tran,https://www.youtube.com/channel/UCFPRY-BV8v_syKN9vAChvHg,7,1 年前,朗読/同形式,2,転載の可能性高（再生ほぼ0）
72,Loan Vu,https://www.youtube.com/channel/UCcSWImAU76lOLjftF7FbrNA,7,1 年前,朗読/同形式,0,転載の可能性高（再生ほぼ0）
73,Văn Sơn Lã,https://www.youtube.com/channel/UCnSrambnfB2Nc_4BliQ4Aug,7,1 年前,朗読/同形式,3,転載の可能性高（再生ほぼ0）
74,minh pham,https://www.youtube.com/channel/UCWK9Evpbj0xbkFyaTiFreXw,7,1 年前,朗読/同形式,0,転載の可能性高（再生ほぼ0）
75,【罠師の逆襲】あえて騙されて大破滅,https://www.youtube.com/channel/UCO3cwCVrePQ3IZhL9x5k8-g,7,3 か月前,朗読/同形式,0,転載の可能性高（再生ほぼ0）
76,家庭の奇妙な話 5500,https://www.youtube.com/channel/UCyECOcLVBmrEH9eCxnZtzEg,7,3 週間前,朗読/同形式,1,転載の可能性高（再生ほぼ0）
77,小さなコーナー,https://www.youtube.com/channel/UClsWKjOxXmWyf7DD0ygoufg,7,2 か月前,朗読/同形式,0,転載の可能性高（再生ほぼ0）
78,心温まる実話,https://www.youtube.com/channel/UCqAz4zqqdAigBNPpMwK-pYw,7,1 か月前,朗読/同形式,0,転載の可能性高（再生ほぼ0）
79,心温まる物語 5715,https://www.youtube.com/channel/UCp5XuGGZyQWEBrJpOq-DHdw,7,4 週間前,朗読/同形式,1,転載の可能性高（再生ほぼ0）
80,愛憎の交差点 5648,https://www.youtube.com/channel/UCZ27s-bExyb-zcqGkYvoicQ,7,2 週間前,朗読/同形式,1,転載の可能性高（再生ほぼ0）
81,明日への涙5639,https://www.youtube.com/channel/UC2daLTlrWBDdKIOJDbg_Z4w,7,3 週間前,朗読/同形式,0,転載の可能性高（再生ほぼ0）
82,母と娘と嫁5049,https://www.youtube.com/channel/UCXgqiZuZK8nb9xaVgEX79UA,7,4 週間前,朗読/同形式,0,転載の可能性高（再生ほぼ0）
83,涙涙の感動秘話#027,https://www.youtube.com/channel/UCaG47XV_nZwVW3gXj0T_aFw,7,2 年前,朗読/同形式,0,要中身確認（再生あり＝台本違いの可能性）
84,物語チャンネル 5693,https://www.youtube.com/channel/UCFEMckiarNY3cQZ0aMygl3w,7,3 週間前,朗読/同形式,0,転載の可能性高（再生ほぼ0）
85,秘密と嘘の家 5436,https://www.youtube.com/channel/UCFu4mcOSv2LuCDSSbnFcMXw,7,3 週間前,朗読/同形式,1,転載の可能性高（再生ほぼ0）
86,秘密の重さ 5647,https://www.youtube.com/channel/UCRxTgybyclgid9aIBdIXUVA,7,2 週間前,朗読/同形式,1,転載の可能性高（再生ほぼ0）
87,話題のLINE,https://www.youtube.com/channel/UCPUjukg0U7MOqNIw_4l5hkA,7,2 年前,LINE形式,2,要中身確認（再生あり＝台本違いの可能性）
88,逆転ストーリー 5008,https://www.youtube.com/channel/UCriVTHI8ZSlCtGVvqIqnMSw,7,4 週間前,朗読/同形式,1,要中身確認（再生あり＝台本違いの可能性）
89,雨の中の記憶,https://www.youtube.com/channel/UCJ_Zte-T_DYEEvf5DqPciGg,7,1 か月前,朗読/同形式,0,転載の可能性高（再生ほぼ0）
90,雨の中の記憶、静かな心の記録,,7,10 日前,朗読/同形式,0,転載の可能性高（再生ほぼ0）
91,雨の中の記憶、静かな終わり,,7,1 か月前,朗読/同形式,1,転載の可能性高（再生ほぼ0）
92,静かな夜の物語、お話の部屋,,7,4 週間前,朗読/同形式,1,転載の可能性高（再生ほぼ0）
93,Avalynn Roderick,https://www.youtube.com/channel/UC2ALeyYaaWwXZhLpaAxCjDA,6,2 年前,朗読/同形式,0,転載の可能性高（再生ほぼ0）
94,Chi Tông,https://www.youtube.com/channel/UCQZmlpJ03rsGpabdpOyYt5g,6,1 年前,朗読/同形式,0,転載の可能性高（再生ほぼ0）
95,Malani Darren,https://www.youtube.com/channel/UCGjfIdDymNvLcybwzheXAnQ,6,1 年前,朗読/同形式,0,転載の可能性高（再生ほぼ0）
96,Thuong Le,https://www.youtube.com/channel/UCxXjwf3LJAKSZP_9Thu5meA,6,1 年前,朗読/同形式,0,転載の可能性高（再生ほぼ0）
97,anh le,https://www.youtube.com/channel/UCarxn6vtJCi169Mjzrmzo4A,6,1 年前,朗読/同形式,0,転載の可能性高（再生ほぼ0）
98,ezebo chiamaka,https://www.youtube.com/channel/UCE-qld23FOqFEVR1e-zZk_g,6,1 年前,朗読/同形式,1,転載の可能性高（再生ほぼ0）
99,faustino karisa,https://www.youtube.com/channel/UCh1wgkzk9PVxPJshc_EWlIA,6,2 年前,朗読/同形式,1,転載の可能性高（再生ほぼ0）
100,【経済的処刑】マウント成金の一文無し計画,https://www.youtube.com/channel/UCFrczgjtItoUn5iNZnathKA,6,3 か月前,朗読/同形式,0,転載の可能性高（再生ほぼ0）
101,【鑑定書の告発】科学が暴く「ざまぁ」の真相,https://www.youtube.com/channel/UCQilFCU3Eok7gFShbP8i38w,6,3 か月前,朗読/同形式,0,転載の可能性高（再生ほぼ0）
102,アヒルの子,https://www.youtube.com/channel/UCW4prcGFf0yqLylWHc8zRLQ,6,3 か月前,朗読/同形式,0,転載の可能性高（再生ほぼ0）
103,スカッと感動 !02,https://www.youtube.com/channel/UC245xKv3oOdbX57tRsuWmQg,6,2 年前,朗読/同形式,0,転載の可能性高（再生ほぼ0）
104,人生の一頁 5631,https://www.youtube.com/channel/UC342_Tf8mM_bScq2p9d7lcg,6,3 週間前,朗読/同形式,1,転載の可能性高（再生ほぼ0）
105,人生の晩年5045,https://www.youtube.com/channel/UCRajns3nAnfDW1XFNGE8mjg,6,1 か月前,朗読/同形式,1,転載の可能性高（再生ほぼ0）
106,壊れかけた巣 5653,https://www.youtube.com/channel/UCCxdsvXDsa6Fg4zEu_0fDoA,6,3 週間前,朗読/同形式,1,転載の可能性高（再生ほぼ0）
107,夕暮れの散歩道4846,https://www.youtube.com/channel/UCZtqjRN0zErgBqr6a5jBkUA,6,1 か月前,朗読/同形式,0,転載の可能性高（再生ほぼ0）
108,夜明け前の涙 5656,https://www.youtube.com/channel/UCDjRsUmNQg-CPaapybgOWdw,6,3 週間前,朗読/同形式,0,転載の可能性高（再生ほぼ0）
109,嫁子の逆転朗読劇場【スカッと物語】,https://www.youtube.com/channel/UCqrk4gfB7SAhYKnyK39vAdg,6,13 時間前,朗読/同形式,0,転載の可能性高（再生ほぼ0）
110,家庭の嵐 5499,https://www.youtube.com/channel/UC6XQp0Ks_jrLEbxFGN-0FIQ,6,1 か月前,朗読/同形式,0,転載の可能性高（再生ほぼ0）
111,忘却の家 5454,https://www.youtube.com/channel/UCU4rxzNFWBeGjdH3HY-dOOw,6,3 週間前,朗読/同形式,0,転載の可能性高（再生ほぼ0）
112,愛憎の十字路 5434,https://www.youtube.com/channel/UCIrSkm9Z15Girl7kaWJyFOA,6,4 週間前,朗読/同形式,0,転載の可能性高（再生ほぼ0）
113,感動のストーリー 5718,https://www.youtube.com/channel/UChJXskMmVDbiJsbH0jjVRUg,6,3 週間前,朗読/同形式,1,転載の可能性高（再生ほぼ0）
114,裏世界ノイズ,https://www.youtube.com/channel/UCYrw_-Y0uEE8NIe5fpwDkrQ,6,5 か月前,朗読/同形式,0,転載の可能性高（再生ほぼ0）
115,運命のバス,https://www.youtube.com/channel/UCZ7LpFI5vw7V9ZCsd5OWeLA,6,2 か月前,朗読/同形式,0,転載の可能性高（再生ほぼ0）
116,都会の孤独5052,https://www.youtube.com/channel/UCTWwkNBKuUw8iJZaqGYyivA,6,2 週間前,朗読/同形式,1,転載の可能性高（再生ほぼ0）
117,578 Doingaynay,https://www.youtube.com/channel/UCpA9aom883CUg2Vfu3qgigg,5,2 年前,朗読/同形式,0,転載の可能性高（再生ほぼ0）
118,Hidalgo Jesus,https://www.youtube.com/channel/UCmHPxolrDN4OJyWrR31soAA,5,2 年前,朗読/同形式,1,転載の可能性高（再生ほぼ0）
119,【修羅場カフェ】隣の席から仕掛ける因果応報,https://www.youtube.com/channel/UCUj-s2Pah7P4S9BeeeSUQig,5,3 か月前,朗読/同形式,0,転載の可能性高（再生ほぼ0）
120,ほっこり朗読ルーム,https://www.youtube.com/channel/UCSlUg18tDFgmtpHSaROcKMQ,5,9 か月前,朗読/同形式,2,転載の可能性高（再生ほぼ0）
121,スカッとスッキリTV,https://www.youtube.com/channel/UCuNp5_risg4Vv7sPXRnd41A,5,9 か月前,朗読/同形式,2,要中身確認（再生あり＝台本違いの可能性）
122,スカッと夜話,https://www.youtube.com/channel/UCyUgDowOPEUpB5k07Ho9EIA,5,3 か月前,朗読/同形式,0,転載の可能性高（再生ほぼ0）
123,スカッと子猫ちゃん,https://www.youtube.com/channel/UCfda-5k70B5gVjryai9JUMQ,5,3 年前,朗読/同形式,0,要中身確認（再生あり＝台本違いの可能性）
124,フィクション 5638,https://www.youtube.com/channel/UC21roLectHlDzGuNRKfVEjQ,5,4 週間前,朗読/同形式,0,要中身確認（一部に再生あり）
125,人生の備忘録4924,https://www.youtube.com/channel/UCRf85a7PnwoRRON703TEROQ,5,1 か月前,朗読/同形式,0,転載の可能性高（再生ほぼ0）
126,人生の感動物語,https://www.youtube.com/channel/UCLq7Bngo0s5xFWKcyKaJHWA,5,2 か月前,朗読/同形式,1,転載の可能性高（再生ほぼ0）
127,人生ラジオ 5692,https://www.youtube.com/channel/UCACY-9VfdCYZj8Z24xy_e4w,5,4 週間前,朗読/同形式,0,転載の可能性高（再生ほぼ0）
128,嫁と姑のリアル 5667,https://www.youtube.com/channel/UCEuTa9b4BOpvp3_4dEk6guA,5,3 週間前,朗読/同形式,1,転載の可能性高（再生ほぼ0）
129,家庭の奇妙な話 5498,https://www.youtube.com/channel/UCICLBxMQ_czP0_THXa5Hitg,5,3 週間前,朗読/同形式,0,転載の可能性高（再生ほぼ0）
130,家庭の暗部 5501,https://www.youtube.com/channel/UC-jALC7AUPbklHK5bcnF8qg,5,4 週間前,朗読/同形式,0,転載の可能性高（再生ほぼ0）
131,家庭の裏側 5496,https://www.youtube.com/channel/UCwHwfvDS7xPfgKall1V6V2w,5,3 週間前,朗読/同形式,0,転載の可能性高（再生ほぼ0）
132,家族の物語 5690,https://www.youtube.com/channel/UCQhjqoqDTXTRiRHqMKXfmJQ,5,4 週間前,朗読/同形式,0,転載の可能性高（再生ほぼ0）
133,小型ランタン,https://www.youtube.com/channel/UCO2YtR8fQeeNChEBK_vytqQ,5,2 か月前,朗読/同形式,0,転載の可能性高（再生ほぼ0）
134,张大帅太帅,https://www.youtube.com/channel/UCNjHtwq6NZLoB9nV6jh7QRA,5,2 日前,朗読/同形式,2,転載の可能性高（再生ほぼ0）
135,心揺さぶる話 5719,https://www.youtube.com/channel/UCZ9U8m5ymgGq4pkTkd6NK_A,5,4 週間前,朗読/同形式,0,転載の可能性高（再生ほぼ0）
136,心温まる物語 5721,https://www.youtube.com/channel/UCkGwIYpXYWf06yvm8Y5AQow,5,4 週間前,朗読/同形式,0,転載の可能性高（再生ほぼ0）
137,暮らしの物語4580,https://www.youtube.com/channel/UCwoqERQWtYAZ1vhvwi1A1fQ,5,2 週間前,朗読/同形式,0,転載の可能性高（再生ほぼ0）
138,涙の小部屋 5642,https://www.youtube.com/channel/UCJSrM2Iw6N6r4k8WiuTZ8kA,5,3 週間前,朗読/同形式,0,転載の可能性高（再生ほぼ0）
139,秘密の代償 5654,https://www.youtube.com/channel/UCuG65MjohkyQV3pw64I00hw,5,3 週間前,朗読/同形式,0,転載の可能性高（再生ほぼ0）
140,街の物語 5687,https://www.youtube.com/channel/UCxterQPS0akz9_edy6xAiDw,5,3 週間前,朗読/同形式,2,要中身確認（再生あり＝台本違いの可能性）
141,雨の中の記憶、お話の部屋,,5,3 週間前,朗読/同形式,0,転載の可能性高（再生ほぼ0）
142,静かな夜の物語、静かな心の記録,,5,4 週間前,朗読/同形式,2,転載の可能性高（再生ほぼ0）
143,Catherine Mack,https://www.youtube.com/channel/UChYk58s7t8r6sD1nV1Ua6PQ,4,1 年前,朗読/同形式,0,転載の可能性高（再生ほぼ0）
144,Dorothy Jessika,https://www.youtube.com/channel/UCjIFYuek6gc0gbT5TNn1sCQ,4,1 年前,朗読/同形式,0,転載の可能性高（再生ほぼ0）
145,Elliot Perry,https://www.youtube.com/channel/UCu6sSOVx4IweXf0aPxIradQ,4,1 年前,朗読/同形式,1,転載の可能性高（再生ほぼ0）
146,FutureLens,https://www.youtube.com/channel/UC1l4HieEbZPmgNoaCJdgHdw,4,4 週間前,朗読/同形式,1,転載の可能性高（再生ほぼ0）
147,ItsDabestTV,https://www.youtube.com/channel/UC7MuHVZzBSqOMtfuirZ-_Bw,4,1 年前,朗読/同形式,0,転載の可能性高（再生ほぼ0）
148,Jay Connor,https://www.youtube.com/channel/UCy819L_3O_Dd0-bKp9dHsSw,4,2 年前,朗読/同形式,0,転載の可能性高（再生ほぼ0）
149,Michela Foti,https://www.youtube.com/channel/UCVvLCeJwdpBQ4Aw1Ym-w7dg,4,5 か月前,朗読/同形式,0,転載の可能性高（再生ほぼ0）
150,MrOrilsp,https://www.youtube.com/channel/UC3AWBIaP0jDKtLkWHdHem2A,4,1 年前,朗読/同形式,0,転載の可能性高（再生ほぼ0）
151,NGUYEN Tran,https://www.youtube.com/channel/UCT9dD8tTpHu2pj3jcPsrGFw,4,7 か月前,朗読/同形式,0,転載の可能性高（再生ほぼ0）
152,Reapin365,https://www.youtube.com/channel/UCQZrGKEGPVP0gJ8OV05LNoA,4,2 年前,朗読/同形式,0,要中身確認（再生あり＝台本違いの可能性）
153,Smtih Landry,https://www.youtube.com/channel/UCnpwEpHYgkmbLhk3PZecjNw,4,1 年前,朗読/同形式,0,転載の可能性高（再生ほぼ0）
154,TEL人生相談,https://www.youtube.com/channel/UC8h96aFQ0J8wvyM6y-koWYg,4,2 年前,朗読/同形式,1,転載の可能性高（再生ほぼ0）
155,can ustacı,https://www.youtube.com/channel/UCSowiEoSGygYsDjLjAZWTWg,4,7 か月前,朗読/同形式,0,転載の可能性高（再生ほぼ0）
156,catmanfistybottom,https://www.youtube.com/channel/UCfNwMUwI6SEklVq03ZatTFw,4,2 年前,朗読/同形式,2,転載の可能性高（再生ほぼ0）
157,gre grgr,https://www.youtube.com/channel/UC4Q14IPdBQFM6EdtHComnLw,4,1 年前,朗読/同形式,0,転載の可能性高（再生ほぼ0）
158,Слушать истории,https://www.youtube.com/channel/UCly-Mc13-TcYBD9lmjRendA,4,2 年前,朗読/同形式,0,転載の可能性高（再生ほぼ0）
159,カヨコ😌【70代田舎でのんびり生活】,https://www.youtube.com/channel/UCsqmoxqIMhaSPNOeRVb5wnQ,4,1 年前,朗読/同形式,0,要中身確認（再生あり＝台本違いの可能性）
160,スカッとストーリー 5023,https://www.youtube.com/channel/UC9uIQAj4oNy_796IBcHXgTg,4,1 か月前,朗読/同形式,0,転載の可能性高（再生ほぼ0）
161,スカッとストーリー 5635,https://www.youtube.com/channel/UCDAnLvihor40j12cQDrzmUA,4,1 か月前,朗読/同形式,1,要中身確認（再生あり＝台本違いの可能性）
162,スカッと人生劇場,https://www.youtube.com/channel/UC3DVk1NMUG--EiJFTz07gzg,4,2 週間前,朗読/同形式,0,転載の可能性高（再生ほぼ0）
163,スカッと感動 !01,https://www.youtube.com/channel/UCM-3xOQUIeftM_JixQcFRAQ,4,2 年前,朗読/同形式,0,転載の可能性高（再生ほぼ0）
164,人生の分かれ道4567,https://www.youtube.com/channel/UCbdty6-772o6y-U2w8ff-Lw,4,2 週間前,朗読/同形式,0,転載の可能性高（再生ほぼ0）
165,人生の教訓 5696,https://www.youtube.com/channel/UChL0a6zTE7nHEavxEB0mGtQ,4,4 週間前,朗読/同形式,1,転載の可能性高（再生ほぼ0）
166,午後の茶室5033,https://www.youtube.com/channel/UCAY-Kr81JdEZjsie9IiR_bw,4,1 か月前,朗読/同形式,1,転載の可能性高（再生ほぼ0）
167,嘘と温もり 5646,https://www.youtube.com/channel/UCxtvYnyBSRQBeUoKt9cvsmw,4,2 週間前,朗読/同形式,1,転載の可能性高（再生ほぼ0）
168,嫁姑問題,https://www.youtube.com/channel/UCZFgHjLXUwUtXP1l70aZ8Bw,4,1 年前,朗読/同形式,0,転載の可能性高（再生ほぼ0）
169,小川 まりこ,https://www.youtube.com/channel/UC53MBRQyKkDsuQiIxcBTGUQ,4,2 年前,朗読/同形式,1,転載の可能性高（再生ほぼ0）
170,幸せの亀裂5035,https://www.youtube.com/channel/UC4e5hbWoHZ_5_GeMmD_2eSw,4,2 週間前,朗読/同形式,0,転載の可能性高（再生ほぼ0）
171,感動うるる,https://www.youtube.com/channel/UCLKMXfL0jKnVGitP6mr1XGw,4,1 年前,朗読/同形式,0,転載の可能性高（再生ほぼ0）
172,感動こまち ,https://www.youtube.com/channel/UCvF8fYg6w5hk60kbFLPmdcw,4,2 年前,朗読/同形式,0,転載の可能性高（再生ほぼ0）
173,明日への涙 5641,https://www.youtube.com/channel/UCccAdKXQpruadZ8VIfmeXew,4,1 か月前,朗読/同形式,0,転載の可能性高（再生ほぼ0）
174,桜子朗読ちゃんねる !,https://www.youtube.com/channel/UC6XjxUYedBDstc8nsK34abg,4,11 か月前,朗読/同形式,0,転載の可能性高（再生ほぼ0）
175,毎日が喜び,https://www.youtube.com/channel/UCms4kBFMhD7L74TA7J7ikaQ,4,2 か月前,朗読/同形式,1,転載の可能性高（再生ほぼ0）
176,泣ける話 5004,https://www.youtube.com/channel/UCVwvuiPPhXz7e68GsJxthsw,4,1 か月前,朗読/同形式,0,転載の可能性高（再生ほぼ0）
177,涙が止まらない本当の話,https://www.youtube.com/channel/UC-rAVI-jHz59_dhCmwgr3wg,4,4 か月前,朗読/同形式,1,要中身確認（再生あり＝台本違いの可能性）
178,涙の数だけ 5716,https://www.youtube.com/channel/UCw2xsZd4GSJowgB3QGFuxLQ,4,4 週間前,朗読/同形式,1,転載の可能性高（再生ほぼ0）
179,涙の数だけ 5720,https://www.youtube.com/channel/UCaooAMJ_2r5b8tiSNoXIGnw,4,4 週間前,朗読/同形式,0,転載の可能性高（再生ほぼ0）
180,裏側と真実,https://www.youtube.com/channel/UCoYzJhVwJUrcm_E97pomUnQ,4,1 年前,LINE形式,0,転載の可能性高（再生ほぼ0）
181,陈宝哥a,https://www.youtube.com/channel/UCa5tE9w7fyGs14yN1YOrV_g,4,8 日前,朗読/同形式,0,要中身確認（再生あり＝台本違いの可能性）
182,陽咲,https://www.youtube.com/channel/UCkWQ3TuNHjERVg8BInHuS-Q,4,3 か月前,朗読/同形式,1,転載の可能性高（再生ほぼ0）
183,雨の中の記憶、静かな夜の物語,,4,4 日前,朗読/同形式,0,転載の可能性高（再生ほぼ0）
184,黒猫は見ていました【スカッと】,https://www.youtube.com/channel/UCOW4cd0N3rxrb7Um2iz126g,4,3 年前,朗読/同形式,0,要中身確認（再生あり＝台本違いの可能性）
185, minh vương,https://www.youtube.com/channel/UCdm2C4XwcbiPrnEtGAg00EQ,3,2 年前,朗読/同形式,0,転載の可能性高（再生ほぼ0）
186, スカッとする話 ,https://www.youtube.com/channel/UCE4ScoaaEmRsXAijXOWNgPw,3,2 年前,朗読/同形式,0,転載の可能性高（再生ほぼ0）
187,374 Chocontham,https://www.youtube.com/channel/UC3G5yZkOnkxx0y2IYkWi4tQ,3,2 年前,朗読/同形式,0,転載の可能性高（再生ほぼ0）
188,468 Ungthuphoi,https://www.youtube.com/channel/UChMTaakDMyRJ8dYWT6dyj6A,3,1 年前,朗読/同形式,1,転載の可能性高（再生ほぼ0）
189,568 Nhièudodu,https://www.youtube.com/channel/UCaEoz8eqqUVi21dauWEQjYg,3,1 年前,朗読/同形式,0,転載の可能性高（再生ほぼ0）
190,579 Bitoxao,https://www.youtube.com/channel/UCaPaxAG2UObG776NJHpdwbw,3,1 年前,朗読/同形式,0,転載の可能性高（再生ほぼ0）
191,Abigail Zev,https://www.youtube.com/channel/UCY6UyFBIk69QFXhMHmo9dWw,3,1 年前,朗読/同形式,0,転載の可能性高（再生ほぼ0）
192,Alexis Dax,https://www.youtube.com/channel/UCcxJzIDFT60xAOJXAQWTnCA,3,1 年前,朗読/同形式,0,転載の可能性高（再生ほぼ0）
193,COLORS DECEIVE,https://www.youtube.com/channel/UCytiIFYh1eDwUeCeeUdLqZQ,3,2 年前,朗読/同形式,1,要中身確認（再生あり＝台本違いの可能性）
194,Deadpool Lool,https://www.youtube.com/channel/UCCDbYtkLVK6W2f4MG5hSuBQ,3,2 年前,朗読/同形式,1,転載の可能性高（再生ほぼ0）
195,Heidi Judge,https://www.youtube.com/channel/UCUinF1LRXZ039lhfwhchH-A,3,2 年前,朗読/同形式,0,転載の可能性高（再生ほぼ0）
196,Joe Perry,https://www.youtube.com/channel/UCUDLjmHB0rs4nKGT_byCePg,3,2 年前,朗読/同形式,0,転載の可能性高（再生ほぼ0）
197,Kaopsi Ntidri,https://www.youtube.com/channel/UCH-hxAsQa_LYllj3h6_j3eA,3,1 年前,朗読/同形式,0,転載の可能性高（再生ほぼ0）
198,Maisie Lyric,https://www.youtube.com/channel/UCZOrmIrIIIvGK7hhRVUgmfw,3,1 年前,朗読/同形式,0,転載の可能性高（再生ほぼ0）
199,Moss Izaiah,https://www.youtube.com/channel/UC5lpBbEgjn9jwhdAyBjFswQ,3,1 年前,朗読/同形式,1,転載の可能性高（再生ほぼ0）
200,Prime Stories,https://www.youtube.com/channel/UCmzQkoRLdndquRvLDr2uSJg,3,2 か月前,朗読/同形式,2,転載の可能性高（再生ほぼ0）
201,Quyen Nguyen,https://www.youtube.com/channel/UCESw5LoWhPBhI-XhRGuytig,3,7 か月前,朗読/同形式,0,転載の可能性高（再生ほぼ0）
202,Ryleigh Kathleen,https://www.youtube.com/channel/UCmHfO5yrYFjsYslb7ehEZjg,3,1 年前,朗読/同形式,0,転載の可能性高（再生ほぼ0）
203,Sasha Shevchenko,https://www.youtube.com/channel/UCOgrtJldEC9BQW44SAV0z2Q,3,2 年前,朗読/同形式,0,転載の可能性高（再生ほぼ0）
204,Teresa Edward,https://www.youtube.com/channel/UCpiccVqO66rV_6PR-YM4yLQ,3,1 年前,朗読/同形式,0,転載の可能性高（再生ほぼ0）
205,Thao Nghiem,https://www.youtube.com/channel/UCwF9VMiXEEEnyBLU70odmIQ,3,1 年前,朗読/同形式,0,転載の可能性高（再生ほぼ0）
206,deathale1234,https://www.youtube.com/channel/UCODd8hU5i9vBxy9CH0uCpCw,3,2 年前,朗読/同形式,0,転載の可能性高（再生ほぼ0）
207,ijustwant1song,https://www.youtube.com/channel/UCvT840gpd08NuXbazRpVtKQ,3,2 年前,朗読/同形式,0,転載の可能性高（再生ほぼ0）
208,Иван Чащин,https://www.youtube.com/channel/UCHNAgyOXgAIoWdsoC0DoD7A,3,2 年前,朗読/同形式,0,転載の可能性高（再生ほぼ0）
209,Иван Ясковец,https://www.youtube.com/channel/UCoFB8_Mt9LLRzeHAvFDTS8w,3,2 年前,朗読/同形式,0,転載の可能性高（再生ほぼ0）
210,Истории Рядом,https://www.youtube.com/channel/UCehjiyNr9Nh5xF7loC95GpQ,3,2 年前,朗読/同形式,0,転載の可能性高（再生ほぼ0）
211,Истории из жизни,https://www.youtube.com/channel/UCfhUflmRbpXMrSBQ9bIxWTQ,3,2 年前,朗読/同形式,0,転載の可能性高（再生ほぼ0）
212,Настя Ильина - Рассказы,https://www.youtube.com/channel/UCcJI2ORoHDdm5aNY2kHTRLA,3,2 年前,朗読/同形式,0,転載の可能性高（再生ほぼ0）
213,Роман Дикарев,https://www.youtube.com/channel/UCcbqVxh1wFD8g_irAgLC1oA,3,2 年前,朗読/同形式,0,転載の可能性高（再生ほぼ0）
214,Свекровь обомлела,https://www.youtube.com/channel/UC6octh3HtO5jo8MdzSG-_tw,3,2 年前,朗読/同形式,0,転載の可能性高（再生ほぼ0）
215,блокада ют,https://www.youtube.com/channel/UCT_n7s2AttSwxjbSUBzn3ww,3,2 年前,朗読/同形式,0,要中身確認（再生あり＝台本違いの可能性）
216,おばあちゃんの仔猫,https://www.youtube.com/channel/UCcUo6vGhG3EeULBxinbg7Eg,3,2 か月前,朗読/同形式,0,要中身確認（再生あり＝台本違いの可能性）
217,キミに感動を届けたい,https://www.youtube.com/channel/UC7VlAEb46vAJ3augJyf1J5A,3,1 年前,朗読/同形式,0,転載の可能性高（再生ほぼ0）
218,スカッとLine御殿,https://www.youtube.com/channel/UC49ZitLkfZEIdDQQgBwJ2pw,3,3 年前,朗読/同形式,0,要中身確認（再生あり＝台本違いの可能性）
219,スカッとじゃぱん,https://www.youtube.com/channel/UCRoM_0capkpqnX5D1Hnsrog,3,1 年前,朗読/同形式,1,転載の可能性高（再生ほぼ0）
220,スカッとチャンネルAK,https://www.youtube.com/channel/UCfHKNECvK1zRJ6OHkkbsPVQ,3,1 年前,朗読/同形式,0,要中身確認（再生あり＝台本違いの可能性）
221,中山 さくら,https://www.youtube.com/channel/UC_mK6EZiU08H0hwcwnGg03g,3,2 年前,朗読/同形式,2,転載の可能性高（再生ほぼ0）
222,人生のドラマ 5514,https://www.youtube.com/channel/UC7eOqdodeZBkzfF9V8A3Sgw,3,1 か月前,朗読/同形式,0,転載の可能性高（再生ほぼ0）
223,人生の交差点 5705,https://www.youtube.com/channel/UCV9MF-dfJIAj5e9adSavO3g,3,2 週間前,朗読/同形式,0,転載の可能性高（再生ほぼ0）
224,人生の分かれ道4716,https://www.youtube.com/channel/UCeICrgMl03_lHG8LvJYPU_A,3,3 週間前,朗読/同形式,0,転載の可能性高（再生ほぼ0）
225,人生の物語箱、他 2 チャンネル,,3,1 か月前,朗読/同形式,0,要中身確認（再生あり＝台本違いの可能性）
226,人間模様の記録4926,https://www.youtube.com/channel/UCnD_7fuQhUby4AEJmhWasaQ,3,1 か月前,朗読/同形式,0,転載の可能性高（再生ほぼ0）
227,小さな幸せ便り,https://www.youtube.com/channel/UCHM9oCUXlsh9yYe3EfDijuA,3,3 週間前,朗読/同形式,0,転載の可能性高（再生ほぼ0）
228,小刘同学,https://www.youtube.com/channel/UCVU7qdhT7ffUFt9LherXxwA,3,4 週間前,朗読/同形式,1,転載の可能性高（再生ほぼ0）
229,山口 るみ,https://www.youtube.com/channel/UCUP10Hi7XrqedvibsczRs1A,3,2 年前,朗読/同形式,1,転載の可能性高（再生ほぼ0）
230,巡る人生4577,https://www.youtube.com/channel/UCwN0AryGOqjMHNrKy1XUitQ,3,1 か月前,朗読/同形式,0,転載の可能性高（再生ほぼ0）
231,平成ストーリー 5691,https://www.youtube.com/channel/UCmQV3SMY6qKoiJW2Zy5j0Tg,3,3 週間前,朗読/同形式,0,転載の可能性高（再生ほぼ0）
232,影の告白 5438,https://www.youtube.com/channel/UComuFUgBo6gXsBacU3_GUmA,3,3 週間前,朗読/同形式,0,転載の可能性高（再生ほぼ0）
233,心の琴線 5726,https://www.youtube.com/channel/UCeX0ohQDly_ouo2i6HwylXQ,3,2 週間前,朗読/同形式,0,転載の可能性高（再生ほぼ0）
234,悪人の末路,https://www.youtube.com/channel/UCKDr_34u3Plr5f--TCifU7g,3,1 か月前,朗読/同形式,0,転載の可能性高（再生ほぼ0）
235,感動する話 4991,https://www.youtube.com/channel/UC2oqyzI78dKFGeqeWSaPWug,3,1 か月前,朗読/同形式,0,転載の可能性高（再生ほぼ0）
236,感動する話 5014,https://www.youtube.com/channel/UCqsgQ2Pbd6YQUW4IX3F034w,3,1 か月前,朗読/同形式,0,転載の可能性高（再生ほぼ0）
237,感動する話 5708,https://www.youtube.com/channel/UCiez4FwoYHRgWrHDnDR91pw,3,2 週間前,朗読/同形式,0,転載の可能性高（再生ほぼ0）
238,感動とスカッとTシャツと私,https://www.youtube.com/channel/UCX_wBYYmhmExu2mkttzbWLA,3,3 年前,朗読/同形式,0,要中身確認（再生あり＝台本違いの可能性）
239,感動なみだ,https://www.youtube.com/channel/UCA9dNFBPNvKgXCklAUYGYWg,3,1 年前,朗読/同形式,0,転載の可能性高（再生ほぼ0）
240,感動のストーリー 5711,https://www.youtube.com/channel/UClXAyNo_zWkjAuLKplDqdCw,3,4 週間前,朗読/同形式,0,転載の可能性高（再生ほぼ0）
241,感動のストーリー 5734,https://www.youtube.com/channel/UCv-XSmP36_6rVdSy3kmZnKQ,3,2 週間前,朗読/同形式,0,転載の可能性高（再生ほぼ0）
242,日常の物語 5630,https://www.youtube.com/channel/UCrhCCeFTpz-DPK7whyTKW8A,3,3 週間前,朗読/同形式,1,転載の可能性高（再生ほぼ0）
243,正经的强哥,https://www.youtube.com/channel/UCusI1yoNsJmLFy05c7emANQ,3,4 週間前,朗読/同形式,0,転載の可能性高（再生ほぼ0）
244,涙あふれる物語 5723,https://www.youtube.com/channel/UC73rxLA0h5yaPCUmKrgPF2A,3,3 週間前,朗読/同形式,0,転載の可能性高（再生ほぼ0）
245,涙が語る物語、感動する話,,3,1 か月前,朗読/同形式,0,転載の可能性高（再生ほぼ0）
246,禁断の夜の物語5058,https://www.youtube.com/channel/UC0R_ioHMpdenQeM-LkNi5Rw,3,1 か月前,朗読/同形式,0,転載の可能性高（再生ほぼ0）
247,私の人生,https://www.youtube.com/channel/UClVoQ7_nEzTeZHVhz86QgBA,3,4 か月前,LINE形式,0,要中身確認（一部に再生あり）
248,義実家の地獄 5679,https://www.youtube.com/channel/UChe3pjjV7wBKS_EWhjTD0Rg,3,3 週間前,朗読/同形式,0,転載の可能性高（再生ほぼ0）
249,義理の家族の闇 5670,https://www.youtube.com/channel/UCV0Qdr7g0tugRjksGg_Qb3Q,3,3 週間前,朗読/同形式,0,転載の可能性高（再生ほぼ0）
250,語り部の部屋4578,https://www.youtube.com/channel/UCErVyLN9p4BOcHYz0luQS7g,3,1 か月前,朗読/同形式,0,転載の可能性高（再生ほぼ0）
251,逆転の物語 5695,https://www.youtube.com/channel/UCJV4-xE3Q04IQQtW1Jf8JuQ,3,3 週間前,朗読/同形式,0,転載の可能性高（再生ほぼ0）
252,都会の孤独4844,https://www.youtube.com/channel/UCv0LCupRZ18mA1q2nW9EnqQ,3,2 週間前,朗読/同形式,0,転載の可能性高（再生ほぼ0）
253,雨の中の記憶、他 2 チャンネル,,3,3 週間前,朗読/同形式,0,転載の可能性高（再生ほぼ0）
254,静かな夜の物語,https://www.youtube.com/channel/UC0OVw9XWGhmQPGAAhWKWpkQ,3,1 か月前,朗読/同形式,0,転載の可能性高（再生ほぼ0）
255,静かな夜の物語、静かな終わり,,3,1 か月前,朗読/同形式,1,転載の可能性高（再生ほぼ0）
256,静かな話 5629,https://www.youtube.com/channel/UC0d7olDuujDBFI3bhVL4fPg,3,3 週間前,朗読/同形式,1,要中身確認（一部に再生あり）
257, ИСТОРИИ для Вас,https://www.youtube.com/channel/UCoIz6ZmXWRv7GbQp2Tqsjsw,2,2 年前,朗読/同形式,0,転載の可能性高（再生ほぼ0）
258,2chスカツイ【2chスカッと・2ch修羅場スレ・ゆっくり解説】,https://www.youtube.com/channel/UCUlFZ_7XbnI92laQPOcx_Ew,2,3 年前,2ch形式,0,要中身確認（再生あり＝台本違いの可能性）
259,2ndchancemami,https://www.youtube.com/channel/UCkoo1uXapcq3mEdQhGx38kQ,2,1 年前,朗読/同形式,0,転載の可能性高（再生ほぼ0）
260,568 Dangbiung,https://www.youtube.com/channel/UCd3lCwDvc1YdbWH6cKlNq3A,2,1 年前,朗読/同形式,0,転載の可能性高（再生ほぼ0）
261,568 Khochiuvay,https://www.youtube.com/channel/UCmPRYn8UnUpRTHOkxuPwFrg,2,1 年前,朗読/同形式,0,転載の可能性高（再生ほぼ0）
262,569 Notranhne,https://www.youtube.com/channel/UCL9O9afFvDUQeilvV2hVGuw,2,1 年前,朗読/同形式,0,転載の可能性高（再生ほぼ0）
263,578 Nhieulamgi,https://www.youtube.com/channel/UCNu2kNiBoWpzWjgPdrdjElw,2,1 年前,朗読/同形式,0,転載の可能性高（再生ほぼ0）
264,578 Nhumotbong,https://www.youtube.com/channel/UC0biqKicwkA9gYrdBBgU1-w,2,1 年前,朗読/同形式,1,転載の可能性高（再生ほぼ0）
265,579 Dechuatri,https://www.youtube.com/channel/UCb21N9KV2e-3LMoR3Sf5NyA,2,1 年前,朗読/同形式,0,転載の可能性高（再生ほぼ0）
266,679 Moicaitay,https://www.youtube.com/channel/UCbS2i6mY4rmoSoHWGu7uiYA,2,1 年前,朗読/同形式,1,転載の可能性高（再生ほぼ0）
267,679 Nguyenthuyru,https://www.youtube.com/channel/UCK6acZDKLKIliJXoNrWfA4A,2,1 年前,朗読/同形式,0,転載の可能性高（再生ほぼ0）
268,679 Nomanan,https://www.youtube.com/channel/UCtLQQIirG8t2Zu19OQ_rSGA,2,1 年前,朗読/同形式,0,転載の可能性高（再生ほぼ0）
269,Ainsley Nathanael,https://www.youtube.com/channel/UCc1EoIsZr1QIYRy9Tumz2cA,2,1 年前,朗読/同形式,0,転載の可能性高（再生ほぼ0）
270,Akari,https://www.youtube.com/channel/UCsbRaeGwyW76X3_9PQEvy3w,2,2 か月前,朗読/同形式,0,転載の可能性高（再生ほぼ0）
271,Anhssb Jsiws,https://www.youtube.com/channel/UCEjCyQbn3J57PKDJKKUj-rg,2,2 年前,朗読/同形式,0,転載の可能性高（再生ほぼ0）
272,Anton Paul,https://www.youtube.com/channel/UCDPUfipjLILnrz7U-Pt5FYA,2,1 年前,朗読/同形式,0,転載の可能性高（再生ほぼ0）
273,Camilla Miller,https://www.youtube.com/channel/UCPXH92PHCWKiZkU75PQZ5lQ,2,1 年前,朗読/同形式,0,転載の可能性高（再生ほぼ0）
274,Camryn Ray,https://www.youtube.com/channel/UCIaMbMEQVfkdvk5rhHIlAWQ,2,1 年前,朗読/同形式,0,転載の可能性高（再生ほぼ0）
275,Charlotte Jair,https://www.youtube.com/channel/UCnztUUjbQI8AsoPcLIf78Sw,2,2 年前,朗読/同形式,0,転載の可能性高（再生ほぼ0）
276,Dau Conhoen,https://www.youtube.com/channel/UCbc3JRrwmaDW2_mYXitLGCg,2,2 年前,朗読/同形式,1,要中身確認（再生あり＝台本違いの可能性）
277,Fakhra Almansoori,https://www.youtube.com/channel/UCJTikiCJs0ecMqkyyFTmLFw,2,4 か月前,朗読/同形式,0,転載の可能性高（再生ほぼ0）
278,Gordon Joey,https://www.youtube.com/channel/UCvTVPXPMLuJNoyELR45FX2Q,2,2 年前,朗読/同形式,0,転載の可能性高（再生ほぼ0）
279,Hadlee Davion,https://www.youtube.com/channel/UCIN7AfYRItpkSr2BxnU2ONQ,2,2 年前,朗読/同形式,0,転載の可能性高（再生ほぼ0）
280,Hammesxex Bernardoqba,https://www.youtube.com/channel/UCYdyYXWkzsgjWn38u7Hj2-w,2,1 年前,朗読/同形式,0,転載の可能性高（再生ほぼ0）
281,Haylee Susan,https://www.youtube.com/channel/UCredgjqIO2e8_U4KAP1eBvQ,2,2 年前,朗読/同形式,0,転載の可能性高（再生ほぼ0）
282,Helen Chaney,https://www.youtube.com/channel/UCknZc7rOLWhfFlVN8PKKzGQ,2,2 年前,朗読/同形式,1,転載の可能性高（再生ほぼ0）
283,Hughes Davies,https://www.youtube.com/channel/UCES9PKKThNIdlUZQoLCckiQ,2,1 年前,朗読/同形式,0,転載の可能性高（再生ほぼ0）
284,Hung Quang,https://www.youtube.com/channel/UC5wM0zxEU-YsDx1NdpTnW1g,2,1 年前,朗読/同形式,0,転載の可能性高（再生ほぼ0）
285,Irene Murphy,https://www.youtube.com/channel/UC5JVl0EBLYR1bUruH4-y5ZQ,2,1 年前,朗読/同形式,0,転載の可能性高（再生ほぼ0）
286,Jackson Campbell,https://www.youtube.com/channel/UC_PWzQFu6GkdO0Rafe9EZgw,2,2 年前,朗読/同形式,0,転載の可能性高（再生ほぼ0）
287,Jaitai Btisto,https://www.youtube.com/channel/UCbO4rHwFOXVdYsKKbUHQmkg,2,1 年前,朗読/同形式,0,転載の可能性高（再生ほぼ0）
288,KAGE NO MISE,https://www.youtube.com/channel/UCtkP6jBvCd8AA8i1Q_YhEiA,2,1 か月前,朗読/同形式,0,転載の可能性高（再生ほぼ0）
289,Kailani Isaiah,https://www.youtube.com/channel/UCFuOZBBiOOX0fcfkVilk6GA,2,2 年前,朗読/同形式,0,転載の可能性高（再生ほぼ0）
290,Karole Baldridge,https://www.youtube.com/channel/UCZ35i4tiP0okzHY-iHg8JEg,2,2 年前,朗読/同形式,0,転載の可能性高（再生ほぼ0）
291,Khloe Dollie,https://www.youtube.com/channel/UC0qyuyoGmlTjhcgifiYR3KQ,2,2 年前,朗読/同形式,0,要中身確認（再生あり＝台本違いの可能性）
292,LINE感情物語,https://www.youtube.com/channel/UCmCPsdt26NGQwolcoomPw0g,2,2 か月前,朗読/同形式,0,転載の可能性高（再生ほぼ0）
293,La primera dinastía,https://www.youtube.com/channel/UCcoNEsDFchbWKIhodPJpGeQ,2,1 年前,朗読/同形式,1,要中身確認（再生あり＝台本違いの可能性）
294,LeeHanson940552,https://www.youtube.com/channel/UCiFpfZ4zxQrKJWwuR5vCHpQ,2,1 年前,朗読/同形式,0,転載の可能性高（再生ほぼ0）
295,Lehner Karine,https://www.youtube.com/channel/UCA0SvKgidYZcjxppihuhV5A,2,2 年前,朗読/同形式,0,転載の可能性高（再生ほぼ0）
296,Leoma Nora,https://www.youtube.com/channel/UC2gLuwqmbz63MW-40k4j78Q,2,2 年前,朗読/同形式,0,転載の可能性高（再生ほぼ0）
297,Loreta Chiodino,https://www.youtube.com/channel/UCSs6WrsDTPM9nGoHTP01SFw,2,1 か月前,朗読/同形式,0,転載の可能性高（再生ほぼ0）
298,Luciana Moises,https://www.youtube.com/channel/UCUiplhS7h-ESdVt3At79m6g,2,2 年前,朗読/同形式,0,転載の可能性高（再生ほぼ0）
299,Lucio Arteaga,https://www.youtube.com/channel/UCHVHba8ZgBskJtgaB44gXLQ,2,1 年前,朗読/同形式,0,転載の可能性高（再生ほぼ0）
300,Maci Abner,https://www.youtube.com/channel/UC_RzCxoVj1guzlsls0mTtaA,2,1 年前,朗読/同形式,0,転載の可能性高（再生ほぼ0）
301,Mr Slugma,https://www.youtube.com/channel/UCqUVtjSCJrFMeOa7iOTDpGw,2,2 年前,朗読/同形式,1,転載の可能性高（再生ほぼ0）
302,MyrtleRice227285,https://www.youtube.com/channel/UCjjqSC4ZS6m68Zoo8gi2sgA,2,1 年前,朗読/同形式,0,転載の可能性高（再生ほぼ0）
303,Naya Johnny,https://www.youtube.com/channel/UCSYY27QMid6mwgyx6rchxgA,2,2 年前,朗読/同形式,0,転載の可能性高（再生ほぼ0）
304,NgocTinh Nguyen,https://www.youtube.com/channel/UCtlSfJyc803RBEXz2C1pjWQ,2,2 年前,朗読/同形式,0,転載の可能性高（再生ほぼ0）
305,Nguyệt Hà Thái,https://www.youtube.com/channel/UC0Fa-RST2mz9JyJdxeyA4Nw,2,2 年前,朗読/同形式,0,転載の可能性高（再生ほぼ0）
306,Nhi Thanh,https://www.youtube.com/channel/UC7IbPIoUZ8QPCmq59clcdDA,2,7 か月前,朗読/同形式,0,転載の可能性高（再生ほぼ0）
307,Song Lamcho,https://www.youtube.com/channel/UCyJyX83klsUe_oEnVe2jcKA,2,2 年前,朗読/同形式,0,転載の可能性高（再生ほぼ0）
308,Song Lukas,https://www.youtube.com/channel/UCfaOHU5Jbp5FjUEctfCsKUQ,2,2 年前,朗読/同形式,0,転載の可能性高（再生ほぼ0）
309,Sonya P yaneira,https://www.youtube.com/channel/UC7A_-HTOkhwa_hNYJA0Ix3g,2,1 年前,朗読/同形式,0,転載の可能性高（再生ほぼ0）
310,Thanh Hoàng,https://www.youtube.com/channel/UCe0BR0pleSRKlrzDsZRzQng,2,1 年前,朗読/同形式,0,転載の可能性高（再生ほぼ0）
311,Thoi Andanh,https://www.youtube.com/channel/UCjGfmnjMicO4W2K6GyuoKPw,2,1 年前,朗読/同形式,0,転載の可能性高（再生ほぼ0）
312,Thompson Max,https://www.youtube.com/channel/UCi0KcZGu2IPPHUniuCIiOjA,2,1 年前,朗読/同形式,0,転載の可能性高（再生ほぼ0）
313,Tran Nguyen,https://www.youtube.com/channel/UCkbLQFcmS_semy5V4yy7JCA,2,7 か月前,朗読/同形式,1,転載の可能性高（再生ほぼ0）
314,Trinh Nguyen,https://www.youtube.com/channel/UCXU2J6ozl1uCSaj2Xz0MdTw,2,8 か月前,朗読/同形式,0,転載の可能性高（再生ほぼ0）
315,UnforgivenSmiley,https://www.youtube.com/channel/UC7X74plv5Qdz-X5NwsDZ2yA,2,2 年前,朗読/同形式,1,転載の可能性高（再生ほぼ0）
316,gceylon selenanf,https://www.youtube.com/channel/UCC0exR5uxAWEiC6o51l3K6w,2,2 年前,朗読/同形式,0,転載の可能性高（再生ほぼ0）
317,ngo ngoc,https://www.youtube.com/channel/UCHLDedkA2DnXJSOB3PK7PVg,2,2 年前,朗読/同形式,0,転載の可能性高（再生ほぼ0）
318,rey999888777,https://www.youtube.com/channel/UCaCa_K2nipqabH6L6rN-pYA,2,11 か月前,朗読/同形式,0,転載の可能性高（再生ほぼ0）
319,sameera wigesinghe,https://www.youtube.com/channel/UCb9fNZiAlCNCS_XLYOFeiDg,2,2 年前,朗読/同形式,0,転載の可能性高（再生ほぼ0）
320,vliquor dfescei,https://www.youtube.com/channel/UC3hKgXfvS8YoowIlWlcOq4A,2,2 年前,朗読/同形式,0,要中身確認（再生あり＝台本違いの可能性）
321,xd d,https://www.youtube.com/channel/UC57JfJ0qVAX0gLlaIFxzYbg,2,2 年前,朗読/同形式,0,転載の可能性高（再生ほぼ0）
322,Айдын Сарсенбай,https://www.youtube.com/channel/UC62HBorJEHWEEvX5smGooqw,2,2 年前,朗読/同形式,1,転載の可能性高（再生ほぼ0）
323,Александр Кислюк,https://www.youtube.com/channel/UCKyXsVO7U5skrf2rht7Mkfg,2,9 日前,朗読/同形式,0,転載の可能性高（再生ほぼ0）
324,Жизненные истории,https://www.youtube.com/channel/UC1DJYzOAPjLavgEYT1SMo9g,2,1 年前,朗読/同形式,0,転載の可能性高（再生ほぼ0）
325,Илья Колесник,https://www.youtube.com/channel/UCZMtQmyl0TypS9AyrfjUDFA,2,2 年前,朗読/同形式,0,転載の可能性高（再生ほぼ0）
326,Истории про страсти ЛЮДСКИЕ,https://www.youtube.com/channel/UCR3QAdo6VohGeGNhamj2WWQ,2,2 年前,朗読/同形式,0,転載の可能性高（再生ほぼ0）
327,Константин Гаврильчик,https://www.youtube.com/channel/UC0wxN9ZTx_FfjZhJ5y54ovg,2,2 年前,朗読/同形式,0,転載の可能性高（再生ほぼ0）
328,Миша Попов,https://www.youtube.com/channel/UCjX95A6FcjSVjAdzWN2lDDQ,2,2 年前,朗読/同形式,1,転載の可能性高（再生ほぼ0）
329,【スカッと】168,https://www.youtube.com/channel/UCg_ZM3AOy8_CmBy5Txly_Nw,2,3 年前,朗読/同形式,0,転載の可能性高（再生ほぼ0）
330,ある家族の秘密,https://www.youtube.com/channel/UCekgwPiAiq23_htxcpqphxg,2,3 か月前,朗読/同形式,0,要中身確認（再生あり＝台本違いの可能性）
331,のび太の物語,https://www.youtube.com/channel/UCoLjCYF-OmR8GK_PNcCbSQw,2,1 年前,朗読/同形式,0,転載の可能性高（再生ほぼ0）
332,よみかた,https://www.youtube.com/channel/UCUeEDBlEKnZtizIZrthr1IQ,2,1 か月前,朗読/同形式,0,転載の可能性高（再生ほぼ0）
333,サレ妻スカッと朗読劇場,https://www.youtube.com/channel/UCJgoXHICCqfacxNrlNShnhA,2,3 年前,朗読/同形式,0,要中身確認（再生あり＝台本違いの可能性）
334,スカッとLINEの部屋,https://www.youtube.com/channel/UCJWjZNIwmx67FT5MlX1_AEQ,2,1 か月前,LINE形式,0,要中身確認（再生あり＝台本違いの可能性）
335,スカッとする話 5002,https://www.youtube.com/channel/UC9PRNuexgR1mFIe1EGQfWyQ,2,1 か月前,朗読/同形式,0,転載の可能性高（再生ほぼ0）
336,スカッとウーマン【スカッと朗読】,https://www.youtube.com/channel/UCRfn3Q7WtEra227Pt8YdjTg,2,3 年前,朗読/同形式,0,要中身確認（再生あり＝台本違いの可能性）
337,スカッとハイタッチ まとめ集,https://www.youtube.com/channel/UCn660aJMV48n7PpUocyDklA,2,1 年前,朗読/同形式,0,転載の可能性高（再生ほぼ0）
338,スカッと感動物語,https://www.youtube.com/channel/UCNgAGbz8Vv4P9AQgd9iNa-g,2,2 か月前,朗読/同形式,0,要中身確認（再生あり＝台本違いの可能性）
339,トラブルバスターズ,https://www.youtube.com/channel/UC-6aa7WG4qz8PrsNBHGU1Iw,2,2 年前,漫画形式,0,要中身確認（再生あり＝台本違いの可能性）
340,ファディマツサ,https://www.youtube.com/channel/UCj3r1tjVo1LiRgsuwt_Zaww,2,2 年前,朗読/同形式,0,要中身確認（再生あり＝台本違いの可能性）
341,中島 絵里,https://www.youtube.com/channel/UCgX9FzfNvhzGx1mzv3aABbg,2,6 日前,LINE形式,0,要中身確認（再生あり＝台本違いの可能性）
342,中川 桃子,https://www.youtube.com/channel/UCdqeFVatxXq_5rSnyMLf0iA,2,2 年前,朗読/同形式,0,転載の可能性高（再生ほぼ0）
343,人情話 5689,https://www.youtube.com/channel/UCOxPE0pmE--cfCbGAsNKHZA,2,3 週間前,朗読/同形式,0,転載の可能性高（再生ほぼ0）
344,人生の備忘録4575,https://www.youtube.com/channel/UCWEwjQsNQWnqcRooGj4XQfA,2,2 か月前,朗読/同形式,0,転載の可能性高（再生ほぼ0）
345,人生の小径,https://www.youtube.com/channel/UC78TzGOjf8frkE2jiE3lzGg,2,1 か月前,朗読/同形式,0,転載の可能性高（再生ほぼ0）
346,人生の終着駅で見つけた愛,https://www.youtube.com/channel/UCXJ4hm2EZO7Qdri-r_-M4fw,2,3 週間前,朗読/同形式,0,要中身確認（再生あり＝台本違いの可能性）
347,人生噺5066,https://www.youtube.com/channel/UCZJ4Jg1kZ3q6nlBrQJdbQnQ,2,1 か月前,朗読/同形式,0,転載の可能性高（再生ほぼ0）
348,人生逆転 4998,https://www.youtube.com/channel/UCGQybHqgxsQtHfsrgABLjAw,2,1 か月前,朗読/同形式,0,転載の可能性高（再生ほぼ0）
349,人生逆転劇,https://www.youtube.com/channel/UChQ1QPCoCPRXlD5aqltcP2Q,2,1 か月前,朗読/同形式,1,転載の可能性高（再生ほぼ0）
350,人生逆転噺5074,https://www.youtube.com/channel/UCSE8UrVc2WuisTfaKPVRjGA,2,1 か月前,朗読/同形式,1,転載の可能性高（再生ほぼ0）
351,今日の感動する話,https://www.youtube.com/channel/UCngA_dQ1VQpTicBa3d9RDxQ,2,2 年前,朗読/同形式,0,転載の可能性高（再生ほぼ0）
352,今日の物語,https://www.youtube.com/channel/UCPXh5v9VEouZRWDFnMm2RNg,2,3 か月前,朗読/同形式,1,要中身確認（再生あり＝台本違いの可能性）
353,仕事と恋愛,https://www.youtube.com/channel/UCJdDK3PzoGAbftkwZoDV7DQ,2,1 年前,朗読/同形式,0,転載の可能性高（再生ほぼ0）
354,何も知らない猫,https://www.youtube.com/channel/UCMFQ8OeB_K8-SLaJO87_tEA,2,13 日前,朗読/同形式,0,要中身確認（再生あり＝台本違いの可能性）
355,修羅場の女たち【スカッと漫画】,https://www.youtube.com/channel/UCj7Sd1pmMthkVVcTdi-poeg,2,1 年前,朗読/同形式,0,転載の可能性高（再生ほぼ0）
356,古時計が鳴る頃、古いアルバムから,,2,1 か月前,朗読/同形式,0,要中身確認（再生あり＝台本違いの可能性）
357,堀田 あやか,https://www.youtube.com/channel/UCA_Jou4B-xo7nsjrqftqHJQ,2,2 年前,朗読/同形式,1,転載の可能性高（再生ほぼ0）
358,夜の物語 5627,https://www.youtube.com/channel/UC8GBqwMrS0kK0C5i25QbSWQ,2,3 週間前,朗読/同形式,0,要中身確認（再生あり＝台本違いの可能性）
359,夜明けのスカッと,https://www.youtube.com/channel/UCTP1y-gaDj--k57T3LiYdew,2,3 年前,朗読/同形式,0,要中身確認（再生あり＝台本違いの可能性）
360,夜話 5706,https://www.youtube.com/channel/UC242SuEE2M4a7Hm1FkNy1dw,2,2 週間前,朗読/同形式,0,要中身確認（再生あり＝台本違いの可能性）
361,夫婦の裏事情,https://www.youtube.com/channel/UCXMVIjhIMWhXIhyIuifUnmg,2,1 か月前,朗読/同形式,0,転載の可能性高（再生ほぼ0）
362,夫婦・家族の物語 5513,https://www.youtube.com/channel/UCR5_W6Cg9HzQmu5MkQKRt8A,2,1 か月前,朗読/同形式,0,転載の可能性高（再生ほぼ0）
363,宝哥,https://www.youtube.com/channel/UCMMkTvNfuUk8VFt4BpTylYA,2,4 週間前,朗読/同形式,0,転載の可能性高（再生ほぼ0）
364,宮下 結衣,https://www.youtube.com/channel/UCg8NyyF4jB-0L6WLKX_ZNpg,2,1 か月前,朗読/同形式,0,転載の可能性高（再生ほぼ0）
365,家族の絆 5694,https://www.youtube.com/channel/UCCC3BDahc-Xj07rzwgBflew,2,4 週間前,朗読/同形式,0,要中身確認（再生あり＝台本違いの可能性）
366,小さな奇跡,https://www.youtube.com/channel/UCmQMnJ_7zliW_Rcl0Vpkr7g,2,5 か月前,朗読/同形式,0,要中身確認（再生あり＝台本違いの可能性）
367,心に響く話,https://www.youtube.com/channel/UCjxzsUysNF26bHK3cDdVGrg,2,3 時間前,朗読/同形式,0,要中身確認（再生あり＝台本違いの可能性）
368,心のラジオ 5704,https://www.youtube.com/channel/UCTYL3zm2mHCTixzhSZRtx0w,2,2 週間前,朗読/同形式,1,転載の可能性高（再生ほぼ0）
369,心の声を聴く4568,https://www.youtube.com/channel/UCNNY9vU8bd79P7eJQhYGkSQ,2,1 か月前,朗読/同形式,0,転載の可能性高（再生ほぼ0）
370,心揺さぶる話 5735,https://www.youtube.com/channel/UCGVDmsxDHe2jg4Pi9MkOmRQ,2,2 週間前,朗読/同形式,0,転載の可能性高（再生ほぼ0）
371,感動する話  026,https://www.youtube.com/channel/UCqHEaSgEBh5CGxnv61bbyvQ,2,3 年前,朗読/同形式,1,転載の可能性高（再生ほぼ0）
372,感動たいりく,https://www.youtube.com/channel/UC-EtEUynGHdjnaxH-WNLqEw,2,3 年前,朗読/同形式,0,要中身確認（再生あり＝台本違いの可能性）
373,感動のちスマイル【感スマ】 ,https://www.youtube.com/channel/UCw84ryGbavCPUP0mj5JAMBw,2,1 年前,朗読/同形式,0,転載の可能性高（再生ほぼ0）
374,感動のスカッと話,https://www.youtube.com/channel/UCig3DRv62Ler8-gTCLRzkhg,2,1 か月前,朗読/同形式,0,要中身確認（再生あり＝台本違いの可能性）
375,感動の話,https://www.youtube.com/channel/UCZE_yArcdxL_mMeMGYBVO8A,2,6 か月前,朗読/同形式,1,要中身確認（再生あり＝台本違いの可能性）
376,感動ストーリー 5010,https://www.youtube.com/channel/UCriNaSbZlEWQfHB1NymXGcw,2,1 か月前,朗読/同形式,0,転載の可能性高（再生ほぼ0）
377,感動ノート,https://www.youtube.com/channel/UCgyrqKgieACUvEqe910r_jQ,2,1 年前,朗読/同形式,0,転載の可能性高（再生ほぼ0）
378,感動フクロウ便,https://www.youtube.com/channel/UCxWtdEfVHTA9a01YTYtA38w,2,1 年前,朗読/同形式,0,要中身確認（再生あり＝台本違いの可能性）
379,日々の物語,https://www.youtube.com/channel/UCtU7BenpYi_wiedlr2E7ynQ,2,2 年前,朗読/同形式,0,転載の可能性高（再生ほぼ0）
380,星のしずく,https://www.youtube.com/channel/UCpbuKalkV_CouIpjgqI_2Zw,2,1 か月前,朗読/同形式,0,転載の可能性高（再生ほぼ0）
381,時を越える話、Love in later life,,2,3 週間前,朗読/同形式,0,要中身確認（再生あり＝台本違いの可能性）
382,暴雪田园,https://www.youtube.com/channel/UCDAe6YuAiAwnIrccpWX6uMg,2,1 日前,朗読/同形式,0,転載の可能性高（再生ほぼ0）
383,月夜のすれ違いチャット,https://www.youtube.com/channel/UC5OVJSlTbqjkb2747z9ZGNg,2,2 週間前,LINE形式,0,転載の可能性高（再生ほぼ0）
384,朗読物語【スカッと話】,https://www.youtube.com/channel/UCqZNQ0_Z28wiBIlvX3B-Q2A,2,3 年前,朗読/同形式,0,要中身確認（再生あり＝台本違いの可能性）
385,本当にあったスカッとする話,https://www.youtube.com/channel/UCDBhTu29LAMZ9Hn0WVwuA6g,2,3 年前,朗読/同形式,0,要中身確認（再生あり＝台本違いの可能性）
386,東京シークレット話,https://www.youtube.com/channel/UC5WFSQe8b0Nu_r8r9xdnTYQ,2,2 か月前,朗読/同形式,0,転載の可能性高（再生ほぼ0）
387,東京ストーリー 5628,https://www.youtube.com/channel/UCyzVbhYryrro4wmmNIAj8rw,2,4 週間前,朗読/同形式,0,要中身確認（再生あり＝台本違いの可能性）
388,柚子茶と回想,https://www.youtube.com/channel/UCsSsbPhLxU5hpXwmCpIG6og,2,5 か月前,朗読/同形式,1,要中身確認（再生あり＝台本違いの可能性）
389,毎日新しい物語,https://www.youtube.com/channel/UCPQauCR7i_WSrZhft4ORBbg,2,2 年前,朗読/同形式,1,要中身確認（再生あり＝台本違いの可能性）
390,涙が止まらない本当の話、感動する話,,2,4 か月前,朗読/同形式,0,要中身確認（再生あり＝台本違いの可能性）
391,涙涙の感動秘話,https://www.youtube.com/channel/UCw8V3AM_HqmSsQ8pzANLt8Q,2,1 年前,朗読/同形式,0,転載の可能性高（再生ほぼ0）
392,涙涙の感動秘話#020,https://www.youtube.com/channel/UCcgsuy8cRj4Bu6uKrSw4Bsw,2,2 年前,朗読/同形式,0,要中身確認（再生あり＝台本違いの可能性）
393,涙涙の感動秘話#05,https://www.youtube.com/channel/UCvUC3KFaC3FGcSc6je-74gg,2,1 年前,朗読/同形式,0,転載の可能性高（再生ほぼ0）
394,潮汕鱼小庄,https://www.youtube.com/channel/UC8raI5CKlVfy9JxZhQb2gGA,2,1 日前,朗読/同形式,1,転載の可能性高（再生ほぼ0）
395,物語の種4790,https://www.youtube.com/channel/UCXZhzByjURSWdDif9npDpSg,2,1 か月前,朗読/同形式,0,要中身確認（再生あり＝台本違いの可能性）
396,物語の種4935,https://www.youtube.com/channel/UC_xUSyO8msUP5jQSdc2-D1g,2,2 か月前,朗読/同形式,0,転載の可能性高（再生ほぼ0）
397,真夜中の会話,https://www.youtube.com/channel/UCDVUMugcBGbPNOgvDic_9aQ,2,6 か月前,LINE形式,0,転載の可能性高（再生ほぼ0）
398,社内,https://www.youtube.com/channel/UCILh-bsoUcf7VfLLt05RTqg,2,11 日前,朗読/同形式,0,転載の可能性高（再生ほぼ0）
399,笑い話,https://www.youtube.com/channel/UC6YclV1iy4r50x8Ie45J4UA,2,1 年前,朗読/同形式,0,転載の可能性高（再生ほぼ0）
400,結婚の仮面 5511,https://www.youtube.com/channel/UCf-k8ybRo6PhVcVCwTKfrhQ,2,1 か月前,朗読/同形式,0,要中身確認（再生あり＝台本違いの可能性）
401,結婚後の生活,https://www.youtube.com/channel/UC9Nq5Tyz6qzWqrXjucfmm_A,2,3 か月前,朗読/同形式,1,要中身確認（再生あり＝台本違いの可能性）
402,美人渔小宇,https://www.youtube.com/channel/UCC81AeM_JRWHLTwr66SlKKQ,2,3 週間前,朗読/同形式,0,転載の可能性高（再生ほぼ0）
403,美咲のスカッと朗読劇場【スカッとする話】,https://www.youtube.com/channel/UC-JxPanYZ5n8p227nYksdPw,2,10 時間前,朗読/同形式,0,転載の可能性高（再生ほぼ0）
404,老後逆転人生,https://www.youtube.com/channel/UCsLweCVD3Y34akhcIjCnANw,2,9 か月前,朗読/同形式,0,要中身確認（再生あり＝台本違いの可能性）
405,読み語る,https://www.youtube.com/channel/UCmPYJvWi6YE6JAkeSPdRZhw,2,1 か月前,朗読/同形式,0,転載の可能性高（再生ほぼ0）
406,運命の恋物語,https://www.youtube.com/channel/UCBJJIcxiO6nQ0ukyNmHIHyQ,2,3 週間前,朗読/同形式,0,要中身確認（再生あり＝台本違いの可能性）
407,遺産相続の陰謀,https://www.youtube.com/channel/UCkMFzQQGu09YViEYU1KFC0A,2,4 週間前,朗読/同形式,0,転載の可能性高（再生ほぼ0）
408,野崎 美月,https://www.youtube.com/channel/UC1LoBls_ltR0pdiuoanqmzw,2,1 か月前,朗読/同形式,0,転載の可能性高（再生ほぼ0）
409,隠された物語、心に響く感動ストーリー,,2,4 日前,朗読/同形式,0,転載の可能性高（再生ほぼ0）
410,静かな反撃,https://www.youtube.com/channel/UCZFbJtgSdI980x8wkD3emcg,2,2 週間前,朗読/同形式,0,要中身確認（再生あり＝台本違いの可能性）
411,静かな日々,https://www.youtube.com/channel/UCLr-g5Xt6j8s4AL7iBOvmrg,2,1 か月前,朗読/同形式,0,転載の可能性高（再生ほぼ0）
412,高山美津世【感動★総集編】,https://www.youtube.com/channel/UC5H2HIMfOu-JA_xGcjAf5xA,2,3 年前,朗読/同形式,1,要中身確認（再生あり＝台本違いの可能性）
413, Ирина Анатольевна,https://www.youtube.com/channel/UCG2zWrAFwX5Xcj5AY5tAJqg,1,1 年前,朗読/同形式,0,転載の可能性高（再生ほぼ0）
414, Просто Истории,https://www.youtube.com/channel/UCHMuYD9Inb_58Ia9nbMSKjw,1,2 年前,朗読/同形式,0,転載の可能性高（再生ほぼ0）
415,420PotSmoker1,https://www.youtube.com/channel/UCjHZt-SBngt5Wrzuu1XGVZw,1,2 年前,朗読/同形式,0,要中身確認（再生あり＝台本違いの可能性）
416,468 Hopgiaykho,https://www.youtube.com/channel/UCrm5iwH2pv-QU9omTJpkqlw,1,2 年前,朗読/同形式,0,転載の可能性高（再生ほぼ0）
417,568 Thieutientra,https://www.youtube.com/channel/UCbpPLSLdxwPUECcpBAHn7Wg,1,2 年前,朗読/同形式,0,要中身確認（再生あり＝台本違いの可能性）
418,579 Nhinbangnua,https://www.youtube.com/channel/UCSNDi3EcAzewFC2kpk4MeTA,1,1 年前,朗読/同形式,0,転載の可能性高（再生ほぼ0）
419,579 Nhintroimua,https://www.youtube.com/channel/UCTXeu6cmt6ymbBw2QSe1YSQ,1,2 年前,朗読/同形式,0,転載の可能性高（再生ほぼ0）
420,585 Miengcomthem,https://www.youtube.com/channel/UCNViz-MIenwe3ooIvq7psww,1,1 年前,朗読/同形式,0,転載の可能性高（再生ほぼ0）
421,751 Laycairoi,https://www.youtube.com/channel/UCgD6pnsJ2WTE_O33ZrMOw-w,1,2 年前,朗読/同形式,0,要中身確認（再生あり＝台本違いの可能性）
422,ANHVIMHOI,https://www.youtube.com/channel/UCVHJWq3QcZVByjzWRiQahBw,1,2 年前,朗読/同形式,0,転載の可能性高（再生ほぼ0）
423,Adley Luciano,https://www.youtube.com/channel/UCgLBkk_JTCaE08_6bW7f6Ww,1,1 年前,朗読/同形式,0,転載の可能性高（再生ほぼ0）
424,Ahmed Lateefat,https://www.youtube.com/channel/UCD-KNpnHJODuzEBECfTvaZw,1,4 か月前,朗読/同形式,0,転載の可能性高（再生ほぼ0）
425,Alayna Maddox,https://www.youtube.com/channel/UCh8W4L9nTLSeKEdSrSpT_vw,1,2 年前,朗読/同形式,0,転載の可能性高（再生ほぼ0）
426,Aleah Brixton,https://www.youtube.com/channel/UCT42maTMBmgXsrp7qy_oMhA,1,2 年前,朗読/同形式,0,転載の可能性高（再生ほぼ0）
427,Aliana Everett,https://www.youtube.com/channel/UCo4Ru2aRbrTyujtLhNqcJZg,1,2 年前,朗読/同形式,0,転載の可能性高（再生ほぼ0）
428,Aliza Jerry,https://www.youtube.com/channel/UCDsHtj8rLWtfh1z9Zf4P8sQ,1,1 年前,朗読/同形式,0,転載の可能性高（再生ほぼ0）
429,Allie Leonardo,https://www.youtube.com/channel/UCLXWJz4sPxTMelgldBE7fJA,1,1 年前,朗読/同形式,0,転載の可能性高（再生ほぼ0）
430,Amy Bryan,https://www.youtube.com/channel/UC2jpVM1QiSigZdPN5k5X69Q,1,2 年前,朗読/同形式,0,転載の可能性高（再生ほぼ0）
431,Amy Marsh,https://www.youtube.com/channel/UCD819w2hsYZwV0tfNi3oixA,1,2 年前,朗読/同形式,0,転載の可能性高（再生ほぼ0）
432,Anival Mencia Flores,https://www.youtube.com/channel/UCCgA-c9UyvuNOkt0qdQqWgQ,1,2 年前,朗読/同形式,0,転載の可能性高（再生ほぼ0）
433,Arnold Marguerite,https://www.youtube.com/channel/UC6MSAaOJ-9xnUlZE6UwvfPA,1,1 年前,朗読/同形式,0,転載の可能性高（再生ほぼ0）
434,Arsen Babikyan,https://www.youtube.com/channel/UCVmPv61VMZNCedecoZ2ljnQ,1,2 年前,朗読/同形式,0,転載の可能性高（再生ほぼ0）
435,Audio Anna,https://www.youtube.com/channel/UC_vgu3XXRZOcSp9fkogJpqA,1,4 か月前,朗読/同形式,0,転載の可能性高（再生ほぼ0）
436,Aurelia Keenan,https://www.youtube.com/channel/UClsAqAe4BznVouCsy3Mw8CQ,1,2 年前,朗読/同形式,0,転載の可能性高（再生ほぼ0）
437,Aureliano Ogrodnik,https://www.youtube.com/channel/UCNB3AtKkJu2DhD4LClJNy_w,1,1 年前,朗読/同形式,0,転載の可能性高（再生ほぼ0）
438,Avah Bronson,https://www.youtube.com/channel/UCUTeA2RI-7tpED-Xk29g_Vw,1,2 年前,朗読/同形式,0,転載の可能性高（再生ほぼ0）
439,Bailey Luca,https://www.youtube.com/channel/UCCQc08DIe6LQuewpMQ24PSA,1,1 年前,朗読/同形式,0,転載の可能性高（再生ほぼ0）
440,Bergstromthc Justinehkx,https://www.youtube.com/channel/UCMCHiuuU8g_OacJgtA_Bhuw,1,2 年前,朗読/同形式,0,転載の可能性高（再生ほぼ0）
441,Bethel Patrick,https://www.youtube.com/channel/UCyl5lZvExPQkWtvLl3ial1g,1,1 年前,朗読/同形式,0,転載の可能性高（再生ほぼ0）
442,Bradley Gallagher,https://www.youtube.com/channel/UC4Q2OU5TJ2nLcdq0K4hiq5A,1,2 年前,朗読/同形式,0,転載の可能性高（再生ほぼ0）
443,Brielle Kabir,https://www.youtube.com/channel/UCnDxsxXaGZuJrGl5CFadyzw,1,2 年前,朗読/同形式,0,転載の可能性高（再生ほぼ0）
444,Bristol Oakley,https://www.youtube.com/channel/UCIT68qL7yuTf1H1vO474nqA,1,1 年前,朗読/同形式,0,転載の可能性高（再生ほぼ0）
445,Brooke Ashley,https://www.youtube.com/channel/UCeSDNLbFauVc69Ga0IYCj-A,1,1 年前,朗読/同形式,0,転載の可能性高（再生ほぼ0）
446,Brynlee Noe,https://www.youtube.com/channel/UCLV_HZ7xdU8gqbFFK5ekA7g,1,2 年前,朗読/同形式,0,転載の可能性高（再生ほぼ0）
447,Bà Khánh Vlog,https://www.youtube.com/channel/UCdz5y9NRKN2FiKpiFkHoiGg,1,2 年前,朗読/同形式,0,転載の可能性高（再生ほぼ0）
448,Camryn Manning,https://www.youtube.com/channel/UCv4i-gVXrnC09dbj0RqCV_g,1,1 年前,朗読/同形式,0,転載の可能性高（再生ほぼ0）
449,Charley Remy,https://www.youtube.com/channel/UCaX-mL7XMZyWDWIcRiXzESw,1,1 年前,朗読/同形式,0,転載の可能性高（再生ほぼ0）
450,Damon Salvatore,https://www.youtube.com/channel/UCl5jG7tF4QZHcM7cjPdny5A,1,2 年前,朗読/同形式,0,転載の可能性高（再生ほぼ0）
451,Darell Dowling,https://www.youtube.com/channel/UC1HGMFLV45hYBgQD965CdDg,1,2 年前,朗読/同形式,0,要中身確認（再生あり＝台本違いの可能性）
452,Davina Claude,https://www.youtube.com/channel/UCOrbtNmmNjOIxTBvK8TW2Lg,1,2 年前,朗読/同形式,0,転載の可能性高（再生ほぼ0）
453,Daxoxebib Nogamxxon,https://www.youtube.com/channel/UCVZRAkKE0O3MWfsVYEl0BdA,1,2 年前,朗読/同形式,0,転載の可能性高（再生ほぼ0）
454,Di Chungduowng,https://www.youtube.com/channel/UCMofMJhJ6dyaY8_MaPGllpQ,1,1 年前,朗読/同形式,0,転載の可能性高（再生ほぼ0）
455,Dinh Hien,https://www.youtube.com/channel/UCY4oupRAVSFTBXCSmiQdYQA,1,2 年前,朗読/同形式,0,転載の可能性高（再生ほぼ0）
456,Dominic Daniels,https://www.youtube.com/channel/UCN6jXNvVbIWCDD5y08oSuig,1,2 年前,朗読/同形式,0,転載の可能性高（再生ほぼ0）
457,Earnest Rice,https://www.youtube.com/channel/UCcajjbSWq8Ssk2-6JKsaCrA,1,1 年前,朗読/同形式,0,転載の可能性高（再生ほぼ0）
458,Ella,https://www.youtube.com/channel/UCf789b_-h7URV0K1O7VSbYg,1,1 年前,朗読/同形式,0,転載の可能性高（再生ほぼ0）
459,Elliot Fox,https://www.youtube.com/channel/UC2oMJhfszretZ5tJIUdx51A,1,1 年前,朗読/同形式,0,転載の可能性高（再生ほぼ0）
460,Elmer Andrew,https://www.youtube.com/channel/UCvDLcMYCKd0cUqMzjdhuCqQ,1,2 年前,朗読/同形式,0,転載の可能性高（再生ほぼ0）
461,Emmie Major,https://www.youtube.com/channel/UCp5E4I6sIMeRmbQ0bKDY9FA,1,1 年前,朗読/同形式,0,転載の可能性高（再生ほぼ0）
462,Estefani Vanesa Ramos,https://www.youtube.com/channel/UC3yIsglOVnvLMw5T1EqGaRQ,1,2 年前,朗読/同形式,0,転載の可能性高（再生ほぼ0）
463,Fyhis Gysoa,https://www.youtube.com/channel/UC_ij0K82sQ5mMj-NbK9n5xQ,1,2 年前,朗読/同形式,0,転載の可能性高（再生ほぼ0）
464,Gabriel Rosal,https://www.youtube.com/channel/UCaDAL5l0S86MuukWBi-Gv9Q,1,2 年前,朗読/同形式,0,要中身確認（再生あり＝台本違いの可能性）
465,Gabriela Holden,https://www.youtube.com/channel/UC_6JZzaI85QHdxCHO359yJg,1,1 年前,朗読/同形式,0,転載の可能性高（再生ほぼ0）
466,Gaona Christy,https://www.youtube.com/channel/UC_PehoOExy78_YV_ZCRJ0TA,1,2 年前,朗読/同形式,0,転載の可能性高（再生ほぼ0）
467,Ghsjdjd Cvsbhss,https://www.youtube.com/channel/UCZQA1MaKYUZYK9i475Uv_7Q,1,1 年前,朗読/同形式,0,転載の可能性高（再生ほぼ0）
468,Ginger Hamblin,https://www.youtube.com/channel/UCbuK5EyAABk4NgoHcBVHDqg,1,2 年前,朗読/同形式,0,転載の可能性高（再生ほぼ0）
469,Glasgow Branson,https://www.youtube.com/channel/UCQWSFMSAYrBIDwXy8fBrPwA,1,2 年前,朗読/同形式,0,転載の可能性高（再生ほぼ0）
470,Grace Forest,https://www.youtube.com/channel/UCfM7O2Ja6Pr4TGtc0o0NejA,1,2 年前,朗読/同形式,0,転載の可能性高（再生ほぼ0）
471,Gsiraossi Vruaeudai,https://www.youtube.com/channel/UC8gHfjoV9kPRHkUwmeLA5XA,1,2 年前,朗読/同形式,0,転載の可能性高（再生ほぼ0）
472,Haneieu Clinthbj,https://www.youtube.com/channel/UCn8HAGL-EYDeyURkmYZXgYw,1,1 年前,朗読/同形式,0,転載の可能性高（再生ほぼ0）
473,Hbaban Nhabah habba,https://www.youtube.com/channel/UCfnTcUh0O5AzBBq4SK1XvOQ,1,2 年前,朗読/同形式,0,転載の可能性高（再生ほぼ0）
474,Huelsdhq Deborawpr,https://www.youtube.com/channel/UChV202JJ5uNR-YfEG8kqqsA,1,1 年前,朗読/同形式,0,転載の可能性高（再生ほぼ0）
475,Huong Nguyen,https://www.youtube.com/channel/UC_Apu0cy8FkXKDbBjFR3B0A,1,7 か月前,朗読/同形式,0,転載の可能性高（再生ほぼ0）
476,Hutamaru Channel,https://www.youtube.com/channel/UC3ql7nj448YetYa6AvQ-_CQ,1,6 か月前,朗読/同形式,0,要中身確認（再生あり＝台本違いの可能性）
477,Hưng Nguyễn,https://www.youtube.com/channel/UCwc17qijn-2UxFMDeJw0ZyA,1,1 年前,朗読/同形式,0,転載の可能性高（再生ほぼ0）
478,IMNOTAf888INGGOODBOY,https://www.youtube.com/channel/UCsyx4KopGhzGibj2qgsi_og,1,2 年前,朗読/同形式,0,要中身確認（再生あり＝台本違いの可能性）
479,Jaeden Reese,https://www.youtube.com/channel/UCemzpqyF3E2deF1Dm-8PEYA,1,1 年前,朗読/同形式,0,転載の可能性高（再生ほぼ0）
480,JakubSarna,https://www.youtube.com/channel/UC6wXk_AiXfdRVdkdi5aNGgw,1,9 か月前,朗読/同形式,0,転載の可能性高（再生ほぼ0）
481,Jodie Mcdowell,https://www.youtube.com/channel/UCzWXB2jIc12Zjemu59x5Y1A,1,1 年前,朗読/同形式,0,転載の可能性高（再生ほぼ0）
482,Juire Danton,https://www.youtube.com/channel/UC7-EH8b52VBucWj4cIIvOgg,1,2 年前,朗読/同形式,0,転載の可能性高（再生ほぼ0）
483,Julia Baturin,https://www.youtube.com/channel/UCc_D9dXz9N4TBoWURdRZ9Lg,1,1 か月前,朗読/同形式,0,転載の可能性高（再生ほぼ0）
484,Justice Gibson,https://www.youtube.com/channel/UCB_S_Dk5yPlmw43S7RpQxDw,1,1 年前,朗読/同形式,0,転載の可能性高（再生ほぼ0）
485,Kaiser,https://www.youtube.com/channel/UCZgQ6DZPJTikcw9LJikxP5w,1,1 年前,朗読/同形式,0,転載の可能性高（再生ほぼ0）
486,Ketut Kerner,https://www.youtube.com/channel/UC6Y1K-VnCQY6HjM43zAbtVA,1,1 年前,朗読/同形式,0,転載の可能性高（再生ほぼ0）
487,Kieutien Nguyen,https://www.youtube.com/channel/UCY3qa75ZZLlAjHUpEqXD4Ag,1,7 か月前,朗読/同形式,0,転載の可能性高（再生ほぼ0）
488,Kli Omed,https://www.youtube.com/channel/UChxNiqWLSabAYRJXQZOuc9Q,1,3 年前,朗読/同形式,0,転載の可能性高（再生ほぼ0）
489,LINEの箱,https://www.youtube.com/channel/UCiZIrm6UtkIXf-mSoM5Xb6Q,1,4 か月前,LINE形式,0,転載の可能性高（再生ほぼ0）
490,LINE修羅場ステーション,https://www.youtube.com/channel/UCDkdGgFuVD3C25klPsUX35A,1,9 か月前,LINE形式,0,転載の可能性高（再生ほぼ0）
491,LINE劇場,https://www.youtube.com/channel/UCpDQwkj2ZG5Tct1IucnrXsA,1,1 年前,LINE形式,0,要中身確認（再生あり＝台本違いの可能性）
492,LINE夜桜,https://www.youtube.com/channel/UCHIoXAXIXCgT8R7HjnKcb2A,1,5 か月前,LINE形式,0,要中身確認（再生あり＝台本違いの可能性）
493,LINE岩本 結菜,https://www.youtube.com/channel/UCW-raRd7iw8yU0txFdBCelA,1,1 か月前,LINE形式,0,要中身確認（再生あり＝台本違いの可能性）
494,LINE秘,https://www.youtube.com/channel/UC_Q9oIkKYp5wCnKvzLdeIrw,1,1 か月前,朗読/同形式,0,転載の可能性高（再生ほぼ0）
495,LINE説明する,https://www.youtube.com/channel/UCXziKPDsBisEjWnWzkrAc0g,1,1 年前,LINE形式,0,転載の可能性高（再生ほぼ0）
496,La Última Verdad、思わず涙する感動物語,,1,1 か月前,朗読/同形式,0,転載の可能性高（再生ほぼ0）
497,Laurentina Bertelle,https://www.youtube.com/channel/UCxBLVRbeuoxJFng1exAV29A,1,1 年前,朗読/同形式,0,転載の可能性高（再生ほぼ0）
498,Leo Ashley,https://www.youtube.com/channel/UC0_exr8Mbdhx2c_GKxI4BsA,1,2 年前,朗読/同形式,0,転載の可能性高（再生ほぼ0）
499,Linh Hung,https://www.youtube.com/channel/UCxkNSDwcVwK6VUDS-ml1CMA,1,1 年前,朗読/同形式,0,転載の可能性高（再生ほぼ0）
500,Lorenzo Lander,https://www.youtube.com/channel/UCGgHMZzhTAtyHP-dA0eVITQ,1,2 年前,朗読/同形式,0,要中身確認（再生あり＝台本違いの可能性）
501,Lân Nguyễn,https://www.youtube.com/channel/UCz1LoLpbgZe9zf0J7YeLm8g,1,7 か月前,朗読/同形式,0,転載の可能性高（再生ほぼ0）
502,M Kelley,https://www.youtube.com/channel/UCaPMn8p5elXnsSTDAwCN1vg,1,2 年前,朗読/同形式,0,転載の可能性高（再生ほぼ0）
503,Macie Sylas,https://www.youtube.com/channel/UCY_Wl-VWrOoEA1KYvNoz4Jg,1,2 年前,朗読/同形式,0,転載の可能性高（再生ほぼ0）
504,Madisyn Remington,https://www.youtube.com/channel/UC5SAa5zLq3oso9V2i7av9gw,1,1 年前,朗読/同形式,0,転載の可能性高（再生ほぼ0）
505,Mai Ho,https://www.youtube.com/channel/UCiiq4SeNAzJyjKqG7kr0j8A,1,1 年前,朗読/同形式,0,転載の可能性高（再生ほぼ0）
506,Malaki Parry,https://www.youtube.com/channel/UCYKTgNySPpHB4nSql-ZtrWQ,1,1 年前,朗読/同形式,0,転載の可能性高（再生ほぼ0）
507,Maria Karlie,https://www.youtube.com/channel/UCOoffl3aoCpYtmh1HZZUMJA,1,2 年前,朗読/同形式,0,転載の可能性高（再生ほぼ0）
508,Maya Dorian,https://www.youtube.com/channel/UCXhh7tkOEVs3GfJdiuLODRQ,1,1 年前,朗読/同形式,0,転載の可能性高（再生ほぼ0）
509,McIntosh Elizabeth,https://www.youtube.com/channel/UCy-uK2Jf97mj12koZ2hekBw,1,1 年前,朗読/同形式,0,転載の可能性高（再生ほぼ0）
510,Mckenna Taylor,https://www.youtube.com/channel/UCiOkxyuw3ooIVLGqdy7TLPg,1,2 年前,朗読/同形式,0,転載の可能性高（再生ほぼ0）
511,Meyers Kaleb,https://www.youtube.com/channel/UCw8yxZFROW81IviFtSfQqjQ,1,1 年前,朗読/同形式,0,転載の可能性高（再生ほぼ0）
512,Minh Ly,https://www.youtube.com/channel/UC91HrwI53FksOoiFHWlBnpw,1,1 年前,朗読/同形式,0,転載の可能性高（再生ほぼ0）
513,Mirai Sho - 繁栄のビジョン ,https://www.youtube.com/channel/UCTjoCcEdlhBRfL_rp551TSA,1,4 日前,朗読/同形式,1,要中身確認（再生あり＝台本違いの可能性）
514,Myla Jaxen,https://www.youtube.com/channel/UC1vl_acJtZbDV0iYzv0_9KQ,1,1 年前,朗読/同形式,0,転載の可能性高（再生ほぼ0）
515,Mái đìnhMa Maidin,https://www.youtube.com/channel/UCgQnVsk093pLzBiutDFFa1A,1,1 年前,朗読/同形式,0,転載の可能性高（再生ほぼ0）
516,Mạnh Văn,https://www.youtube.com/channel/UCDMYI9lfqVlMFzglwjAJuOQ,1,2 年前,朗読/同形式,0,転載の可能性高（再生ほぼ0）
517,Nate Nygaro,https://www.youtube.com/channel/UC-Qm-LX1B5SC4xjzo2tPBBw,1,2 年前,朗読/同形式,0,転載の可能性高（再生ほぼ0）
518,Neil Perry,https://www.youtube.com/channel/UC7QxE0r3cadbxIE3JwnAUmA,1,1 年前,朗読/同形式,0,転載の可能性高（再生ほぼ0）
519,Nga Trần Thị,https://www.youtube.com/channel/UCks_GS1IChnFCQkT88UmMJQ,1,2 年前,朗読/同形式,0,転載の可能性高（再生ほぼ0）
520,Ngoc Binh,https://www.youtube.com/channel/UC2o0ydwTFxAPQfVReVz8v_g,1,1 年前,朗読/同形式,0,転載の可能性高（再生ほぼ0）
521,Nguyết Ánh Đồng,https://www.youtube.com/channel/UChLe7gFG0TnTDbGbx3LftFw,1,2 年前,朗読/同形式,0,転載の可能性高（再生ほぼ0）
522,Nha Doula I,https://www.youtube.com/channel/UCuYYh7_ts2LjtWAmJTQVrxQ,1,2 年前,朗読/同形式,0,転載の可能性高（再生ほぼ0）
523,Nhung Bùi,https://www.youtube.com/channel/UC8L6vl51IXg1BX1PwKZGg0w,1,2 年前,朗読/同形式,0,転載の可能性高（再生ほぼ0）
524,Nhã Hồng Khang,https://www.youtube.com/channel/UCuz48lWFRNOYx-N-1rfqVwg,1,2 年前,朗読/同形式,0,転載の可能性高（再生ほぼ0）
525,Nhã Mai Cái,https://www.youtube.com/channel/UCDox7tIGtKuRo-7ywGQ-11w,1,2 年前,朗読/同形式,0,転載の可能性高（再生ほぼ0）
526,Norah Atencio,https://www.youtube.com/channel/UC44u7YZWnkdU5Dgzzyycv8g,1,1 年前,朗読/同形式,0,転載の可能性高（再生ほぼ0）
527,Phabab Nhaban habba,https://www.youtube.com/channel/UC2I_csm2dYiRlSvWeFDMr7A,1,2 年前,朗読/同形式,0,転載の可能性高（再生ほぼ0）
528,Polina Shetinkina,https://www.youtube.com/channel/UCt_VEeJdhjBe1InwJgwjYDw,1,2 年前,朗読/同形式,0,転載の可能性高（再生ほぼ0）
529,Quang Nguyễn Minh,https://www.youtube.com/channel/UCcqacqBK6ivIzVdiDuAZxoQ,1,1 年前,朗読/同形式,0,転載の可能性高（再生ほぼ0）
530,Quế Chi Thạch,https://www.youtube.com/channel/UCUOs-MxG8si0ICMK76sHhGg,1,2 年前,朗読/同形式,0,転載の可能性高（再生ほぼ0）
531,Ragna Whitby,https://www.youtube.com/channel/UCd_tUic081oRY0jx7_CvHhw,1,1 年前,朗読/同形式,0,転載の可能性高（再生ほぼ0）
532,Rogers Canaan,https://www.youtube.com/channel/UCe6evHOAj-OyuG2_7HuwkWA,1,1 年前,朗読/同形式,0,転載の可能性高（再生ほぼ0）
533,Roi Lucnghe,https://www.youtube.com/channel/UCfe3NoSoVpZVvDqeSP1GxQw,1,1 年前,朗読/同形式,0,転載の可能性高（再生ほぼ0）
534,Roosmsbs Qoakambs,https://www.youtube.com/channel/UC2nOEGy__uf1Jhs8s4UvUhw,1,1 年前,朗読/同形式,0,転載の可能性高（再生ほぼ0）
535,Rosana Better,https://www.youtube.com/channel/UCuCMo3Ak903sOT3eN-HSqHw,1,2 年前,朗読/同形式,0,転載の可能性高（再生ほぼ0）
536,Royalty John,https://www.youtube.com/channel/UCgd06sKG4oxWb-XCO0h4BTA,1,1 年前,朗読/同形式,0,転載の可能性高（再生ほぼ0）
537,Ruth Aller,https://www.youtube.com/channel/UCagnK-FOQG2Sxj9-ytSdIfw,1,1 年前,2ch形式,0,要中身確認（再生あり＝台本違いの可能性）
538,Salvatore Fortune,https://www.youtube.com/channel/UCjS9Y9RvFnUlN3YqtLcGv1w,1,2 年前,朗読/同形式,0,転載の可能性高（再生ほぼ0）
539,Sandy Harris,https://www.youtube.com/channel/UCb9_xOkhb67lfOngQZdJqyA,1,2 年前,朗読/同形式,0,転載の可能性高（再生ほぼ0）
540,Sawyer Eden,https://www.youtube.com/channel/UCwMb3fipva8XO4AWu3kExUg,1,2 年前,朗読/同形式,0,転載の可能性高（再生ほぼ0）
541,Selina Schwinghammer,https://www.youtube.com/channel/UChCQdD4jfpxBAot3eswHK5g,1,1 年前,朗読/同形式,0,転載の可能性高（再生ほぼ0）
542,Seth Louie,https://www.youtube.com/channel/UCxnr_rgyYXC9AK3H7v3KYHA,1,1 年前,朗読/同形式,0,転載の可能性高（再生ほぼ0）
543,Sevelyn Yuro,https://www.youtube.com/channel/UCTB976mkRm0RogVyBwiNQ4A,1,1 年前,朗読/同形式,0,転載の可能性高（再生ほぼ0）
544,Shemarr Jones,https://www.youtube.com/channel/UCVD4byKCO45GTTf9bIZBU6w,1,2 年前,朗読/同形式,0,転載の可能性高（再生ほぼ0）
545,Sikana Nkc,https://www.youtube.com/channel/UCVhv7UYDXednIBcOxnH8WLA,1,5 か月前,朗読/同形式,0,転載の可能性高（再生ほぼ0）
546,Slava Molozin,https://www.youtube.com/channel/UC_SaaXepZrECoA9B68jRtEw,1,5 か月前,朗読/同形式,0,転載の可能性高（再生ほぼ0）
547,Slipleaf13,https://www.youtube.com/channel/UCpTchICAhhs5PrtXaqFAsDA,1,1 年前,朗読/同形式,0,転載の可能性高（再生ほぼ0）
548,Sương Sương Hoàng,https://www.youtube.com/channel/UCJpPaQTKAxla148XKTBFhwg,1,2 年前,朗読/同形式,0,転載の可能性高（再生ほぼ0）
549,T22carr,https://www.youtube.com/channel/UCf4_u2UPxKvUzzeplvQoz0Q,1,1 年前,朗読/同形式,0,転載の可能性高（再生ほぼ0）
550,Tan og Khuc,https://www.youtube.com/channel/UCP3a8E8PVIYycHM9GZcyBtw,1,2 年前,朗読/同形式,0,要中身確認（再生あり＝台本違いの可能性）
551,Thoi Làm việc,https://www.youtube.com/channel/UCBquJ8sc6ZNToBbow0sQ8PQ,1,1 年前,朗読/同形式,0,転載の可能性高（再生ほぼ0）
552,Thpt.mk.12c8.2019 VNA.,https://www.youtube.com/channel/UCpLaYj_SIm0SbDW44jarrhA,1,2 年前,朗読/同形式,0,転載の可能性高（再生ほぼ0）
553,Thy Oanh Viên,https://www.youtube.com/channel/UC7dBy4JO4yQ_HhVItLOnfAw,1,1 年前,朗読/同形式,0,転載の可能性高（再生ほぼ0）
554,Thảo Quyên Chung,https://www.youtube.com/channel/UCK5EDA7YkT7FlmA8xR1wEHg,1,2 年前,朗読/同形式,0,転載の可能性高（再生ほぼ0）
555,Thảo Vy Đèo,https://www.youtube.com/channel/UCUAKQ64W_0A4l4EKASG1oJg,1,2 年前,朗読/同形式,0,転載の可能性高（再生ほぼ0）
556,Thủy Đoàn,https://www.youtube.com/channel/UCIPOfUGIbzFYlvAFFt7ZlxQ,1,2 年前,朗読/同形式,0,転載の可能性高（再生ほぼ0）
557,Tin Nguyen,https://www.youtube.com/channel/UCyvjLL92T0ynJEvGUsZcocw,1,1 年前,朗読/同形式,0,転載の可能性高（再生ほぼ0）
558,Toan Nguyen,https://www.youtube.com/channel/UC5YD-PjsH6QglL4YiVgDdzg,1,2 年前,朗読/同形式,0,転載の可能性高（再生ほぼ0）
559,Trull Holden,https://www.youtube.com/channel/UCgH3P5DbmrtpotA7-8Fk1fA,1,2 年前,朗読/同形式,0,転載の可能性高（再生ほぼ0）
560,Trân Nguyên,https://www.youtube.com/channel/UC7ZJWnHmDswUmLcwFRf8gYg,1,7 か月前,朗読/同形式,0,転載の可能性高（再生ほぼ0）
561,Tuyen Nguyen,https://www.youtube.com/channel/UCuKb8fABJezcvEkvABp-ifw,1,7 か月前,朗読/同形式,0,転載の可能性高（再生ほぼ0）
562,Utaha,https://www.youtube.com/channel/UCVI0V5_ZvUR3ZpnE-rwHatA,1,2 か月前,LINE形式,0,転載の可能性高（再生ほぼ0）
563,Vathana Kh,https://www.youtube.com/channel/UC8FrYd0Tcz-p0HIg8l0J9ww,1,6 か月前,朗読/同形式,0,転載の可能性高（再生ほぼ0）
564,Vay Sao ăn,https://www.youtube.com/channel/UCohIjwQZPWq1DHBc69XcfoA,1,1 年前,朗読/同形式,0,転載の可能性高（再生ほぼ0）
565,Vflover29,https://www.youtube.com/channel/UCzayI-qu-jcXDQUegF8vXUw,1,1 年前,朗読/同形式,0,転載の可能性高（再生ほぼ0）
566,Vân Vũ,https://www.youtube.com/channel/UCW1WFGBTXKApa9R1KDpaaPw,1,1 年前,朗読/同形式,0,転載の可能性高（再生ほぼ0）
567,Vân Đinh,https://www.youtube.com/channel/UCC8Yu9To3ec1550XuRRpRdg,1,1 年前,朗読/同形式,0,要中身確認（再生あり＝台本違いの可能性）
568,Willa Foster,https://www.youtube.com/channel/UC7nkCg1JMAHSogXTPbb6taQ,1,1 年前,朗読/同形式,0,転載の可能性高（再生ほぼ0）
569,XUÂN TRÌNH ĐỖ,https://www.youtube.com/channel/UCiXEtk9L9KiZw50o_ay26jA,1,1 年前,朗読/同形式,0,転載の可能性高（再生ほぼ0）
570,Yannalys Valera,https://www.youtube.com/channel/UCMQLZAfaz3Mhcv5y_UgblpA,1,2 年前,朗読/同形式,0,転載の可能性高（再生ほぼ0）
571,Zariah Jacoby,https://www.youtube.com/channel/UCL2Nlv5oIjJ9cXx-Ttcg4RA,1,1 年前,朗読/同形式,0,転載の可能性高（再生ほぼ0）
572,Zechariah Fritz,https://www.youtube.com/channel/UCb9LcYcLF3rYq8aB-X06I3A,1,1 年前,朗読/同形式,0,転載の可能性高（再生ほぼ0）
573,abdo mahmoud,https://www.youtube.com/channel/UCrxa_WY68BFnORAzSv_jnVw,1,4 か月前,朗読/同形式,0,転載の可能性高（再生ほぼ0）
574,baldwin horne,https://www.youtube.com/channel/UCO43eAIiTIAeUy99gMhxIsA,1,2 年前,朗読/同形式,0,転載の可能性高（再生ほぼ0）
575,cheetos20011,https://www.youtube.com/channel/UCCtlc3_75eUZr79WgtPS65A,1,9 か月前,朗読/同形式,0,転載の可能性高（再生ほぼ0）
576,duyen nguyen,https://www.youtube.com/channel/UClIVIVm31CuApuvRJzYC4ng,1,1 年前,朗読/同形式,0,転載の可能性高（再生ほぼ0）
577,emerfpa dcandid,https://www.youtube.com/channel/UCSNh7sQCnANvFKcVxjvmvnA,1,2 年前,朗読/同形式,0,転載の可能性高（再生ほぼ0）
578,glareintheeyes,https://www.youtube.com/channel/UC5OqZ0UeeBDeW1Nm5kYg1lA,1,9 か月前,朗読/同形式,0,転載の可能性高（再生ほぼ0）
579,goldyloco,https://www.youtube.com/channel/UCfiNz4GckMuO-IXNW81OhLA,1,1 年前,朗読/同形式,0,転載の可能性高（再生ほぼ0）
580,hung nguyenvan,https://www.youtube.com/channel/UC1kZmiXsjFPmM_xF1cmp-Eg,1,2 年前,朗読/同形式,0,転載の可能性高（再生ほぼ0）
581,katy rivera,https://www.youtube.com/channel/UCWTn1D2io3cwCg9YEH4m2VQ,1,2 週間前,朗読/同形式,0,転載の可能性高（再生ほぼ0）
582,keia0528,https://www.youtube.com/channel/UCaqpZXGKsakvdBn2GxRB6uA,1,2 年前,朗読/同形式,0,転載の可能性高（再生ほぼ0）
583,kkkkkkk303,https://www.youtube.com/channel/UC7AQRgGO57VJtyaHJCEDtTA,1,2 年前,朗読/同形式,0,転載の可能性高（再生ほぼ0）
584,loveyou2334,https://www.youtube.com/channel/UCmvu6FWDEaLPuFWds5c2v9A,1,1 年前,朗読/同形式,0,転載の可能性高（再生ほぼ0）
585,mactiago,https://www.youtube.com/channel/UCGZ1M3tcyGDwbZTbnsEj0yw,1,9 か月前,朗読/同形式,0,転載の可能性高（再生ほぼ0）
586,manh tran,https://www.youtube.com/channel/UC5VXnUDB-t4dOs8-i9dNUcQ,1,7 か月前,LINE形式,0,転載の可能性高（再生ほぼ0）
587,mera naam,https://www.youtube.com/channel/UCzmH6TjCJhg5rOlhutO5ykg,1,2 年前,朗読/同形式,0,転載の可能性高（再生ほぼ0）
588,nga nga,https://www.youtube.com/channel/UC_rIspRIDipTScACm2WI0HQ,1,2 年前,朗読/同形式,0,転載の可能性高（再生ほぼ0）
589,raul joputa,https://www.youtube.com/channel/UC-4hVkk1bfgyG5yyEyXk0EA,1,1 か月前,朗読/同形式,0,要中身確認（再生あり＝台本違いの可能性）
590,sacosuy wkeen,https://www.youtube.com/channel/UCsJq7G0YimVXlpTIPPxbB7g,1,2 年前,朗読/同形式,0,転載の可能性高（再生ほぼ0）
591,shakirson,https://www.youtube.com/channel/UCAn8gzE_gIbLpaukKfN0w9Q,1,9 か月前,朗読/同形式,0,転載の可能性高（再生ほぼ0）
592,soso2l7ob,https://www.youtube.com/channel/UCN6lje5hl0tbGvbjJXC32QQ,1,1 年前,朗読/同形式,0,転載の可能性高（再生ほぼ0）
593,tatum hawkins,https://www.youtube.com/channel/UCkCGb4Jia-msDza1Uv9HgaQ,1,2 年前,朗読/同形式,0,転載の可能性高（再生ほぼ0）
594,tharwatism,https://www.youtube.com/channel/UChKYw3lxZr77uvRxKlt4NBw,1,5 か月前,朗読/同形式,1,転載の可能性高（再生ほぼ0）
595,thuytam nhungoc,https://www.youtube.com/channel/UCDUVQK7JAStqKZY5llY1_hw,1,2 年前,朗読/同形式,0,転載の可能性高（再生ほぼ0）
596,tien vuvan,https://www.youtube.com/channel/UCsWnghTxCFTRW10OKOs3Nyg,1,2 年前,朗読/同形式,0,転載の可能性高（再生ほぼ0）
597,zeid el ghoul,https://www.youtube.com/channel/UCLaSoS0VhhyTMiPOGZnVeuQ,1,3 週間前,朗読/同形式,0,要中身確認（再生あり＝台本違いの可能性）
598,Влад Каркозов,https://www.youtube.com/channel/UCepnHH8xafblHIcbRRhY3CA,1,2 年前,朗読/同形式,0,転載の可能性高（再生ほぼ0）
599,Дмитрий Забабурин,https://www.youtube.com/channel/UCncKunXAZ4jLOKsG7w_AgUQ,1,2 年前,朗読/同形式,0,転載の可能性高（再生ほぼ0）
600,Жизненные истории из жизни,https://www.youtube.com/channel/UC81IXtvGkuCZfSx_eTDbwAw,1,1 年前,朗読/同形式,0,転載の可能性高（再生ほぼ0）
601,Кирилл Прудников,https://www.youtube.com/channel/UC2VlcU9WJcmNlqdmQ3xbKmg,1,2 年前,朗読/同形式,0,転載の可能性高（再生ほぼ0）
602,Настя Кульба,https://www.youtube.com/channel/UC0C_6Y_3vf5jBq0a9pIQnvw,1,2 年前,朗読/同形式,0,転載の可能性高（再生ほぼ0）
603,Наташа Измайлова,https://www.youtube.com/channel/UC2YfIebbTBdV0Yr9cAhG4iA,1,2 年前,朗読/同形式,0,転載の可能性高（再生ほぼ0）
604,Саша Кайдаш,https://www.youtube.com/channel/UCZ_tEI3h1oyVyrVc5GzzM0A,1,2 年前,朗読/同形式,0,転載の可能性高（再生ほぼ0）
605,Татьяна Житлухина,https://www.youtube.com/channel/UCyh0xTAy5loM-d4-iYwLO_Q,1,2 年前,朗読/同形式,0,転載の可能性高（再生ほぼ0）
606,аааа аааа,https://www.youtube.com/channel/UCgb2DQiCwchUA2ztXvUV3Ow,1,2 年前,朗読/同形式,0,転載の可能性高（再生ほぼ0）
607,【スカッと】169,https://www.youtube.com/channel/UCzOI_xRWCf_Mu2bP6H3OygQ,1,3 年前,朗読/同形式,1,転載の可能性高（再生ほぼ0）
608,【スカッと】xx11,https://www.youtube.com/channel/UCdAagLI00TErAKJ5-1L-reg,1,3 年前,朗読/同形式,0,転載の可能性高（再生ほぼ0）
609,【朗読】001,https://www.youtube.com/channel/UCbRXKuVhe_0zKG6_AEI9tVQ,1,3 年前,朗読/同形式,0,転載の可能性高（再生ほぼ0）
610,【朗読】004,https://www.youtube.com/channel/UCRx9p28X6QFfROd5Y9jflqw,1,3 年前,朗読/同形式,0,転載の可能性高（再生ほぼ0）
611,【朗読】005,https://www.youtube.com/channel/UCdMS4o7KY_1PiwBiJhmBn-g,1,3 年前,朗読/同形式,0,転載の可能性高（再生ほぼ0）
612,【朗読】006,https://www.youtube.com/channel/UCNLnWS5TxzwUN2TMUNYeuAw,1,3 年前,2ch形式,0,転載の可能性高（再生ほぼ0）
613,【朗読】008,https://www.youtube.com/channel/UCMhQkfA2YeWfcDCp5kspUUw,1,3 年前,朗読/同形式,0,転載の可能性高（再生ほぼ0）
614,【朗読】011,https://www.youtube.com/channel/UCNKSzjW0XblXC9jpIeFWKfA,1,3 年前,朗読/同形式,0,転載の可能性高（再生ほぼ0）
615,【朗読】012,https://www.youtube.com/channel/UC_pgypmAtik-U9ME_nTJfWA,1,3 年前,朗読/同形式,0,転載の可能性高（再生ほぼ0）
616,あの夢をなぞって,https://www.youtube.com/channel/UC2hYD2APTBFmoN_-FfTC51w,1,2 年前,朗読/同形式,0,要中身確認（再生あり＝台本違いの可能性）
617,いつものLINE,https://www.youtube.com/channel/UCb4t4JFPRSPWR1iAeUzDgtQ,1,3 か月前,LINE形式,0,転載の可能性高（再生ほぼ0）
618,えのスカッと感動部屋,https://www.youtube.com/channel/UCGgtl8U1R_pxmHODEZnjAKA,1,1 年前,朗読/同形式,0,転載の可能性高（再生ほぼ0）
619,おばあちゃんと子猫,https://www.youtube.com/channel/UCitSoUYXNd1quxY8VFsz94w,1,3 日前,朗読/同形式,0,転載の可能性高（再生ほぼ0）
620,かわいい子犬,https://www.youtube.com/channel/UCQwHCrx8uw_EBTUZ6OhLDQg,1,2 年前,朗読/同形式,0,転載の可能性高（再生ほぼ0）
621,きらきら光る嘘の街,https://www.youtube.com/channel/UCYMr3sg1i3yb_Rdc3HbEH_A,1,1 か月前,LINE形式,0,要中身確認（再生あり＝台本違いの可能性）
622,ことのは,https://www.youtube.com/channel/UCrKFZVPPxEVBVEDoUZ27hJg,1,1 か月前,朗読/同形式,0,転載の可能性高（再生ほぼ0）
623,さやかLINE,https://www.youtube.com/channel/UCzcdWgO0oqEnDVw88jRaEtg,1,5 か月前,朗読/同形式,0,転載の可能性高（再生ほぼ0）
624,ちょこっと2ch,https://www.youtube.com/channel/UCjwn9CDi1i7JnDp7Nvdddkw,1,1 年前,漫画形式,0,転載の可能性高（再生ほぼ0）
625,となりのドラマ4579,https://www.youtube.com/channel/UCkyDzRIE9QcsfAnuj-AU-9w,1,1 か月前,朗読/同形式,0,転載の可能性高（再生ほぼ0）
626,ひそかな鼓動,https://www.youtube.com/channel/UCxgsqIBJ077rkI-tsq-Xplw,1,1 か月前,朗読/同形式,0,転載の可能性高（再生ほぼ0）
627,ひだまり,https://www.youtube.com/channel/UCKEodUiXMA-_VNvkhNxII6w,1,1 か月前,LINE形式,0,転載の可能性高（再生ほぼ0）
628,ほっとする毎日,https://www.youtube.com/channel/UCNhxgP73_HilIwHNloT2TPA,1,1 か月前,朗読/同形式,0,要中身確認（再生あり＝台本違いの可能性）
629,やさしいまなざし,https://www.youtube.com/channel/UCIWKLawJIaBHSGKOL66l9GA,1,1 年前,朗読/同形式,0,転載の可能性高（再生ほぼ0）
630,ゆるやかな人生日記,https://www.youtube.com/channel/UCE8xwdD2jIFQ3cSQr9IYgOA,1,5 か月前,朗読/同形式,0,転載の可能性高（再生ほぼ0）
631,りつね,https://www.youtube.com/channel/UC1e-g0Xwc0189hSRXI8j_qQ,1,2 か月前,朗読/同形式,0,転載の可能性高（再生ほぼ0）
632,イルカ,https://www.youtube.com/channel/UCgJDyMjGzUNyuO2rcyBSWgg,1,2 年前,朗読/同形式,0,転載の可能性高（再生ほぼ0）
633,コオロギ,https://www.youtube.com/channel/UCQvlraed2GQv5YfHpnbLYHA,1,2 年前,朗読/同形式,0,転載の可能性高（再生ほぼ0）
634,ザ!スカッとDASH!!,https://www.youtube.com/channel/UCE-5bI6bPEt9ZRh85ltq1Cg,1,1 年前,朗読/同形式,0,転載の可能性高（再生ほぼ0）
635,シニアの旅路,https://www.youtube.com/channel/UCYWePmbuqQihimPRSxsSN2g,1,4 か月前,朗読/同形式,0,要中身確認（再生あり＝台本違いの可能性）
636,ジョーク,https://www.youtube.com/channel/UCpsvWsE9gNQCH6qhW_Fx8kQ,1,3 年前,朗読/同形式,0,要中身確認（再生あり＝台本違いの可能性）
637,スカッと 0123,https://www.youtube.com/channel/UCpUGVxilvazH11kw1vtnWzg,1,3 年前,朗読/同形式,0,転載の可能性高（再生ほぼ0）
638,スカッと 021,https://www.youtube.com/channel/UC_GdMRuSf2pYdpFrEcj1MKw,1,3 年前,朗読/同形式,0,転載の可能性高（再生ほぼ0）
639,スカッと にゃんこ,https://www.youtube.com/channel/UCF22u5mGiXRwncGAKkFFBdg,1,3 年前,朗読/同形式,0,要中身確認（再生あり＝台本違いの可能性）
640,スカッとする話,https://www.youtube.com/channel/UCTT6FhfkGjlXcdy8htOaBlA,1,2 年前,朗読/同形式,0,要中身確認（再生あり＝台本違いの可能性）
641,スカッとする話 022【朗読劇】,https://www.youtube.com/channel/UCD9rRW2SXCb00CH3_dbEibw,1,3 年前,朗読/同形式,0,転載の可能性高（再生ほぼ0）
642,スカッとする話:ペットたちは見てる,https://www.youtube.com/channel/UCtXyHcwbi2pcwoi4Eu7lC8w,1,3 年前,朗読/同形式,0,要中身確認（再生あり＝台本違いの可能性）
643,スカッとにゃんぱす,https://www.youtube.com/channel/UCTRx4FfKyZF3-o9VoxN8G_A,1,3 年前,朗読/同形式,0,要中身確認（再生あり＝台本違いの可能性）
644,スカッとの壁,https://www.youtube.com/channel/UCvakN6-Cb5XAZLC3k9pw5hg,1,2 年前,朗読/同形式,0,要中身確認（再生あり＝台本違いの可能性）
645,スカッとジャパニーズ,https://www.youtube.com/channel/UC2DWZBAcn3mxwQeA7hHd3dQ,1,1 年前,朗読/同形式,0,転載の可能性高（再生ほぼ0）
646,スカッとチャンネル,https://www.youtube.com/channel/UCWEc0ycjVp-adARvzgfzyPg,1,2 週間前,朗読/同形式,0,転載の可能性高（再生ほぼ0）
647,スカッとボンバー 【感動する話】,https://www.youtube.com/channel/UC780-vw8cmE0dj7yCo3ud7A,1,2 年前,朗読/同形式,0,転載の可能性高（再生ほぼ0）
648,スカッとワダイ,https://www.youtube.com/channel/UCipDNZ5xsoIcKu7mNTqZqcQ,1,3 年前,朗読/同形式,0,要中身確認（再生あり＝台本違いの可能性）
649,スカッと人生の底力朗読劇,https://www.youtube.com/channel/UCf21Y9lqCPJeJGyRpgFhkxA,1,5 か月前,朗読/同形式,0,転載の可能性高（再生ほぼ0）
650,スカッと劇場,https://www.youtube.com/channel/UCW6SwIOvLC97iXTV3xnC3Cg,1,5 か月前,朗読/同形式,1,転載の可能性高（再生ほぼ0）
651,スカッと図書館,https://www.youtube.com/channel/UCcjsonLiKBQRvkO19SVVoDg,1,10 か月前,漫画形式,0,要中身確認（再生あり＝台本違いの可能性）
652,スカッと復讐日記,https://www.youtube.com/channel/UCU1ueCWCWlfHlp7F0YnMfvw,1,3 か月前,朗読/同形式,0,転載の可能性高（再生ほぼ0）
653,スカッと黒幕,https://www.youtube.com/channel/UCrpeBxl4uQu5cQw_3bl5pSA,1,3 か月前,朗読/同形式,0,転載の可能性高（再生ほぼ0）
654,トークの向こう側,https://www.youtube.com/channel/UCcUydX34-3XqsSlPRgsMqFw,1,7 日前,LINE形式,0,転載の可能性高（再生ほぼ0）
655,ハルカ・プレス,https://www.youtube.com/channel/UCz4Rz3Cb498opdHGpuQU9vg,1,1 か月前,朗読/同形式,0,転載の可能性高（再生ほぼ0）
656,パパ活の崩壊,https://www.youtube.com/channel/UCv12RXZu9olbIhguGbIE1Eg,1,1 か月前,朗読/同形式,0,転載の可能性高（再生ほぼ0）
657,ヒモ男の強制排除,https://www.youtube.com/channel/UC60g88W9zEkPAJjs1UyqePQ,1,3 週間前,朗読/同形式,0,転載の可能性高（再生ほぼ0）
658,ファイナルスカッと激情,https://www.youtube.com/channel/UCATpBBZdhWA9h1n3L7r9Krw,1,2 年前,朗読/同形式,0,要中身確認（再生あり＝台本違いの可能性）
659,マザコン夫の監禁裁判,https://www.youtube.com/channel/UCwHOMkQxZZyUaWdAvxDO-aA,1,1 か月前,朗読/同形式,0,転載の可能性高（再生ほぼ0）
660,ムハンマド,https://www.youtube.com/channel/UCWrn94lTa5hp619mRvCA5lg,1,2 年前,朗読/同形式,0,要中身確認（再生あり＝台本違いの可能性）
661,モニロボ,https://www.youtube.com/channel/UCOdQvaRBcSr2Ue-dD3MEGHQ,1,2 年前,漫画形式,0,要中身確認（再生あり＝台本違いの可能性）
662,モラハラ夫の証拠集,https://www.youtube.com/channel/UCoj05W7TrpengTsUWyRGJLA,1,1 か月前,朗読/同形式,0,転載の可能性高（再生ほぼ0）
663,一通の手紙,https://www.youtube.com/channel/UC-NAewqBSn-IjhDnwYRSiRg,1,1 か月前,朗読/同形式,0,転載の可能性高（再生ほぼ0）
664,世代の架け橋,https://www.youtube.com/channel/UCZ5oJ6mbDoMBYtz0a4o1qlw,1,5 か月前,朗読/同形式,0,要中身確認（再生あり＝台本違いの可能性）
665,二股彼氏への処刑宣告,https://www.youtube.com/channel/UCbkq7mzFh2enoxzmFQwJTJg,1,1 か月前,朗読/同形式,0,転載の可能性高（再生ほぼ0）
666,人妻アリサのスカッと朗読〜独り言〜,https://www.youtube.com/channel/UCGDzeD-ic2gFTEt4H6mRhBg,1,1 年前,朗読/同形式,1,転載の可能性高（再生ほぼ0）
667,人気LINEまとめ,https://www.youtube.com/channel/UCvTCGTQQf3BfxqRTi82HA-g,1,3 か月前,LINE形式,0,転載の可能性高（再生ほぼ0）
668,人生、まだこれから,https://www.youtube.com/channel/UC3en4bJFwAZLZfL-O9gSXEA,1,3 時間前,朗読/同形式,0,転載の可能性高（再生ほぼ0）
669,人生の備忘録4708,https://www.youtube.com/channel/UCBg4AS5WuTQaIZsg_Th-7vg,1,1 か月前,朗読/同形式,0,転載の可能性高（再生ほぼ0）
670,人生の小径、Love in later life,,1,1 か月前,朗読/同形式,1,転載の可能性高（再生ほぼ0）
671,人生の物語,https://www.youtube.com/channel/UCH9C86h_itPpw8p1Sgq0mVQ,1,6 か月前,朗読/同形式,0,要中身確認（再生あり＝台本違いの可能性）
672,人生の物語箱,https://www.youtube.com/channel/UCsP8EZOSEghEmRMB6P_j6Ng,1,12 日前,朗読/同形式,0,要中身確認（再生あり＝台本違いの可能性）
673,人生の黄昏話、時を越える話,,1,2 時間前,朗読/同形式,0,転載の可能性高（再生ほぼ0）
674,人生を楽しむ,https://www.youtube.com/channel/UC5qUTUcmPlik9fgvXZSxe-Q,1,5 か月前,朗読/同形式,0,転載の可能性高（再生ほぼ0）
675,人生スカッと劇場,https://www.youtube.com/channel/UC_cewmtTGTOGlNpnH_fSc6w,1,5 日前,朗読/同形式,0,転載の可能性高（再生ほぼ0）
676,人間拾遺錄,https://www.youtube.com/channel/UCfLrnpabpT2GhyhKVuZEqlg,1,1 か月前,朗読/同形式,0,転載の可能性高（再生ほぼ0）
677,今日の物語、Japan sports channel ,,1,3 か月前,朗読/同形式,0,要中身確認（再生あり＝台本違いの可能性）
678,今日の物語、他 3 チャンネル,,1,3 か月前,朗読/同形式,0,要中身確認（再生あり＝台本違いの可能性）
679,仏壇の前で,https://www.youtube.com/channel/UCU6HJdhSw8L0jtQrNonSBmw,1,6 か月前,朗読/同形式,0,要中身確認（再生あり＝台本違いの可能性）
680,修羅場の管理人,https://www.youtube.com/channel/UCPhDxjB2KqaaiQCygakhqTA,1,10 日前,朗読/同形式,0,転載の可能性高（再生ほぼ0）
681,修羅場スカッとTV,https://www.youtube.com/channel/UCX6Gj5DGAkaqhmu4d0djS4A,1,1 か月前,朗読/同形式,0,転載の可能性高（再生ほぼ0）
682,傾向のLINE,https://www.youtube.com/channel/UCFYvJCkQ741W1U9C-0MKCQg,1,11 か月前,LINE形式,0,転載の可能性高（再生ほぼ0）
683,儚い幸せ,https://www.youtube.com/channel/UCooJKX6KhAwly9k2Hj9M8lQ,1,1 か月前,朗読/同形式,0,要中身確認（再生あり＝台本違いの可能性）
684,兔牙尖尖,https://www.youtube.com/channel/UCS9T9zSklP4GqaU_K6-iE9Q,1,4 日前,朗読/同形式,0,転載の可能性高（再生ほぼ0）
685,印象的な猫,https://www.youtube.com/channel/UCVgOxcRM0kWkYrO3QdV2_6A,1,2 年前,朗読/同形式,0,転載の可能性高（再生ほぼ0）
686,同期,https://www.youtube.com/channel/UCBT3KEdvX6IdeVoZG_lFltw,1,1 か月前,朗読/同形式,0,転載の可能性高（再生ほぼ0）
687,君のアイコンを探して,https://www.youtube.com/channel/UC_cxHs_zA4wz_4E3e4eo40Q,1,1 か月前,朗読/同形式,0,転載の可能性高（再生ほぼ0）
688,嘘つき,https://www.youtube.com/channel/UCEjsh64rm2oHOouG6Daa1tQ,1,1 か月前,朗読/同形式,0,転載の可能性高（再生ほぼ0）
689,因果応報ストーリー,https://www.youtube.com/channel/UCMGO4KdNkqYUea2qOP6jvIQ,1,2 か月前,朗読/同形式,0,要中身確認（再生あり＝台本違いの可能性）
690,地獄のグループ招待,https://www.youtube.com/channel/UCf5vTqzF_Hb4VM88O_kb0zQ,1,1 か月前,朗読/同形式,0,転載の可能性高（再生ほぼ0）
691,坂本 瑛太 ,https://www.youtube.com/channel/UCljgwRjZ9oiWUMyVt3pdJpw,1,1 か月前,朗読/同形式,0,転載の可能性高（再生ほぼ0）
692,夕暮れのマル秘回覧板【スカッとする話】,https://www.youtube.com/channel/UCrv0UdssL2LuZ8Z8SKP0Nzw,1,2 年前,朗読/同形式,0,要中身確認（再生あり＝台本違いの可能性）
693,夜の語り部4791,https://www.youtube.com/channel/UCdqrXIX7LOgvAwC7y2WZuog,1,1 か月前,朗読/同形式,0,要中身確認（再生あり＝台本違いの可能性）
694,夜更かしの物語QL33,https://www.youtube.com/channel/UCcMIWaIDpdlFMpaEM4nGwsQ,1,1 か月前,朗読/同形式,0,要中身確認（再生あり＝台本違いの可能性）
695,夜竹LINEトーク,https://www.youtube.com/channel/UCoa0P3tm4-125aU63Vjlg1Q,1,5 か月前,LINE形式,0,転載の可能性高（再生ほぼ0）
696,夢色時間,https://www.youtube.com/channel/UC74tLRGiEmQYIjqR3q7gQtQ,1,5 日前,朗読/同形式,0,転載の可能性高（再生ほぼ0）
697,大野 恒一輝,https://www.youtube.com/channel/UCuLnXBeO0wz9Vp6TdmAWdZw,1,5 か月前,朗読/同形式,0,転載の可能性高（再生ほぼ0）
698,女たちの逆転劇場、他 2 チャンネル,,1,2 か月前,朗読/同形式,0,要中身確認（再生あり＝台本違いの可能性）
699,女たちの逆転劇場、他 3 チャンネル,,1,2 か月前,朗読/同形式,0,要中身確認（再生あり＝台本違いの可能性）
700,嫁いびり絶滅部屋 5669,https://www.youtube.com/channel/UC-x7_UNkw0hshLKChQ83Xyw,1,3 週間前,朗読/同形式,0,転載の可能性高（再生ほぼ0）
701,嫁の反撃開始 5680,https://www.youtube.com/channel/UCBcMM8R9KS3noj6fZOhxAPA,1,3 週間前,朗読/同形式,0,転載の可能性高（再生ほぼ0）
702,安藤 美咲,https://www.youtube.com/channel/UCPrQTgE9M5Pvy701_CGileQ,1,3 週間前,朗読/同形式,0,要中身確認（再生あり＝台本違いの可能性）
703,実話感動チャンネル、他 2 チャンネル,,1,1 か月前,朗読/同形式,1,要中身確認（再生あり＝台本違いの可能性）
704,実話感動チャンネル、心に響く感動ストーリー,,1,4 か月前,朗読/同形式,0,要中身確認（再生あり＝台本違いの可能性）
705,家族と孤独のあいだで5041,https://www.youtube.com/channel/UClBN3XUpKbtHTYjXYg0ZjCg,1,1 か月前,朗読/同形式,0,転載の可能性高（再生ほぼ0）
706,家族の因果劇場,https://www.youtube.com/channel/UCp93z-r3zJoPEIuuOHZ3DBQ,1,1 か月前,朗読/同形式,0,転載の可能性高（再生ほぼ0）
707,家族の話,https://www.youtube.com/channel/UC5cdeySznQcijI-U7Nb0m0Q,1,3 年前,朗読/同形式,0,転載の可能性高（再生ほぼ0）
708,寄生する義姉妹,https://www.youtube.com/channel/UCUBBw0PDhNpaMvRZsisnlZg,1,12 日前,朗読/同形式,0,転載の可能性高（再生ほぼ0）
709,小沢 恒一斗,https://www.youtube.com/channel/UCp60w5a9ENDEYkHRogBA28A,1,2 か月前,朗読/同形式,0,転載の可能性高（再生ほぼ0）
710,小野 美月,https://www.youtube.com/channel/UCj4Ied5VqC7BnIyH-ZEWkfw,1,4 か月前,朗読/同形式,0,転載の可能性高（再生ほぼ0）
711,尴尬笑场团,https://www.youtube.com/channel/UCzUkBP4kXovWWNL8PmpEDbg,1,22 時間前,朗読/同形式,1,転載の可能性高（再生ほぼ0）
712,山田さんは,https://www.youtube.com/channel/UC2WjfhUwn8JI-RrAs59liww,1,2 年前,朗読/同形式,0,転載の可能性高（再生ほぼ0）
713,岩本 恒,https://www.youtube.com/channel/UCpL_Ro4uIgzIxiRchqwo70A,1,6 日前,LINE形式,0,転載の可能性高（再生ほぼ0）
714,幸せを感じる瞬間,https://www.youtube.com/channel/UCLonhlF7rxljOJAAuViNsuw,1,1 年前,朗読/同形式,0,転載の可能性高（再生ほぼ0）
715,心に響く感動ストーリー,https://www.youtube.com/channel/UCX6aBSlCbTqYjP1pjpTyqmg,1,4 か月前,朗読/同形式,0,要中身確認（再生あり＝台本違いの可能性）
716,心のさざめき4792,https://www.youtube.com/channel/UCPj5p8aRNuVF0zbQsqrQAjw,1,2 か月前,朗読/同形式,0,転載の可能性高（再生ほぼ0）
717,心の声 5632,https://www.youtube.com/channel/UCCVKUOj3JXKmWMmSOGeozxQ,1,3 週間前,朗読/同形式,0,転載の可能性高（再生ほぼ0）
718,心の琴線 5644,https://www.youtube.com/channel/UCJYX_lWgukSGeu6DwyhjoIQ,1,4 週間前,朗読/同形式,0,転載の可能性高（再生ほぼ0）
719,心をつなぐ日々,https://www.youtube.com/channel/UCs530ElEeJqWnpkba_rO50w,1,11 か月前,朗読/同形式,0,転載の可能性高（再生ほぼ0）
720,心結びストーリー,https://www.youtube.com/channel/UCFt9F-PPAsYtY9clF7nHA1Q,1,3 週間前,朗読/同形式,0,要中身確認（再生あり＝台本違いの可能性）
721,忘れられない人生,https://www.youtube.com/channel/UCBORNx2tI6AKOxEXvFbqkHQ,1,3 か月前,朗読/同形式,0,転載の可能性高（再生ほぼ0）
722,怪盗大劇場,https://www.youtube.com/channel/UCQqsLRSl8nlMKoXQ9cBQOjw,1,3 年前,朗読/同形式,0,要中身確認（再生あり＝台本違いの可能性）
723,恋と運命の物語,https://www.youtube.com/channel/UCqClp4Ge1tl6cG829flsguQ,1,1 か月前,朗読/同形式,0,転載の可能性高（再生ほぼ0）
724,悠久の日本物語、Love in later life,,1,1 か月前,朗読/同形式,1,転載の可能性高（再生ほぼ0）
725,愛してます,https://www.youtube.com/channel/UC6gNLfzMzauVJoWOjolWvuA,1,3 年前,朗読/同形式,0,転載の可能性高（再生ほぼ0）
726,愛の物語,https://www.youtube.com/channel/UCr0uPYLsElR-PJVQ-kVsKHQ,1,1 年前,朗読/同形式,0,転載の可能性高（再生ほぼ0）
727,愛の迷い道5054,https://www.youtube.com/channel/UCTykyrZHwZnNzsMtkeJ23Tw,1,1 か月前,朗読/同形式,0,転載の可能性高（再生ほぼ0）
728,感動あらいぐま,https://www.youtube.com/channel/UCArxrh4JYTcQAnX2-gtpgUw,1,2 年前,朗読/同形式,0,転載の可能性高（再生ほぼ0）
729,感動する話,https://www.youtube.com/channel/UCeKwOwXDTuQQat8z0_QufRw,1,1 年前,朗読/同形式,0,転載の可能性高（再生ほぼ0）
730,感動ねこ,https://www.youtube.com/channel/UCWiXpmbMCz-XPl0dq81uXyQ,1,2 年前,朗読/同形式,0,転載の可能性高（再生ほぼ0）
731,感動ぱんだ園,https://www.youtube.com/channel/UCdcnP05X5tVL_lehM9iM6ow,1,1 年前,朗読/同形式,0,転載の可能性高（再生ほぼ0）
732,感動ぽろり,https://www.youtube.com/channel/UCke1iKbiKwQ8NkbRgG5r4cg,1,2 年前,朗読/同形式,0,転載の可能性高（再生ほぼ0）
733,感動サプライズ朗読 ,https://www.youtube.com/channel/UCVwHsLnY-oFWKcwz_e3OiTw,1,2 年前,朗読/同形式,1,転載の可能性高（再生ほぼ0）
734,感動スカッ,https://www.youtube.com/channel/UC_AlxSO8zevgbkHYbk8WFzA,1,1 年前,朗読/同形式,1,転載の可能性高（再生ほぼ0）
735,感動タイム,https://www.youtube.com/channel/UCIciRpiOBsHE83uJD8fKaXA,1,1 年前,朗読/同形式,0,転載の可能性高（再生ほぼ0）
736,感動フクロ ,https://www.youtube.com/channel/UCs1h5pSYi5GY7B2Oufaun6w,1,2 年前,朗読/同形式,0,要中身確認（再生あり＝台本違いの可能性）
737,感動ラジオ #3,https://www.youtube.com/channel/UCQ0kveCVfXtCZnjmbfCVwmQ,1,2 年前,朗読/同形式,0,転載の可能性高（再生ほぼ0）
738,憎むべき猫,https://www.youtube.com/channel/UC7tLdJ-6uJLK1p0auVsW5rQ,1,1 か月前,朗読/同形式,0,要中身確認（再生あり＝台本違いの可能性）
739,日々の声,https://www.youtube.com/channel/UCmp-GHTASavFshwQjo88xnA,1,1 か月前,朗読/同形式,0,転載の可能性高（再生ほぼ0）
740,日光浴するヒスイウサギ,https://www.youtube.com/channel/UCbHoAJB94D7IM8KOKllkIFw,1,1 年前,2ch形式,0,転載の可能性高（再生ほぼ0）
741,日常のドラマ4719,https://www.youtube.com/channel/UCSignnxN2iirq5H0CsKtoBQ,1,1 か月前,朗読/同形式,0,転載の可能性高（再生ほぼ0）
742,日料寿司料理,https://www.youtube.com/channel/UC8w8D_s25Z0LGR34gpcn2JQ,1,2 週間前,朗読/同形式,1,転載の可能性高（再生ほぼ0）
743,日本の夫婦問題,https://www.youtube.com/channel/UCDFNUXZbMyJc9QaS87Y8Ijg,1,1 か月前,朗読/同形式,0,転載の可能性高（再生ほぼ0）
744,日本感動ばなし,https://www.youtube.com/channel/UCCgNY4omgwcyxOcVRitvcYw,1,1 年前,朗読/同形式,0,転載の可能性高（再生ほぼ0）
745,昭和の記憶、感動する話,,1,5 か月前,朗読/同形式,1,転載の可能性高（再生ほぼ0）
746,昼下がりのスカッと,https://www.youtube.com/channel/UCMWFvRVBco2O9zM7bXbwjUw,1,3 年前,朗読/同形式,0,要中身確認（再生あり＝台本違いの可能性）
747,時の物語館,https://www.youtube.com/channel/UCCtXjzFJHJdUc_qApzwueXg,1,3 週間前,朗読/同形式,0,要中身確認（再生あり＝台本違いの可能性）
748,暮らしの音色帳,https://www.youtube.com/channel/UCdlQacYRhi56_RZpOL4vQ8g,1,1 年前,朗読/同形式,0,転載の可能性高（再生ほぼ0）
749,最高の料理,https://www.youtube.com/channel/UC2M4rDbbfQAC2NSPqAivU3A,1,2 年前,朗読/同形式,0,要中身確認（再生あり＝台本違いの可能性）
750,月明かりの感動物語,https://www.youtube.com/channel/UClTtIVFIWgNbDCNxppDon4A,1,1 か月前,朗読/同形式,0,要中身確認（再生あり＝台本違いの可能性）
751,月灯りの読書室,https://www.youtube.com/channel/UCQzDi4rYTAUtLQaL3zm66Sw,1,9 日前,朗読/同形式,0,転載の可能性高（再生ほぼ0）
752,朗読ちゃんねる【スカッとワンダーランド】,https://www.youtube.com/channel/UC7eMDBLI50IfRdyruHsGhoA,1,2 年前,朗読/同形式,0,要中身確認（再生あり＝台本違いの可能性）
753,杀手,https://www.youtube.com/channel/UCMfHGFRts2NhQg91zKOaaLg,1,2 年前,朗読/同形式,0,転載の可能性高（再生ほぼ0）
754,東京ストーリー 5628、悪者成敗劇場 5944,,1,3 週間前,朗読/同形式,0,要中身確認（再生あり＝台本違いの可能性）
755,機密,https://www.youtube.com/channel/UCb4TzZHu07_Dud8Us4c6fhw,1,5 日前,LINE形式,0,転載の可能性高（再生ほぼ0）
756,段小段,https://www.youtube.com/channel/UC73C1p_AtHaQAjc8wiv54mw,1,4 日前,朗読/同形式,1,転載の可能性高（再生ほぼ0）
757,毎日物語を語る,https://www.youtube.com/channel/UChxPjbtxLqb-kjHEqBI6NgQ,1,2 年前,朗読/同形式,0,転載の可能性高（再生ほぼ0）
758,毒親からの脱出,https://www.youtube.com/channel/UCaa05zGN9IOAwjshkgJhjEw,1,1 か月前,朗読/同形式,0,転載の可能性高（再生ほぼ0）
759,池田 明日香,https://www.youtube.com/channel/UCSroi47vRJYfrTo5QF4t13g,1,1 か月前,LINE形式,0,転載の可能性高（再生ほぼ0）
760,涙が語る物語,https://www.youtube.com/channel/UCWfG3hk2_Puwh6BcWjBg1Vg,1,1 か月前,朗読/同形式,0,転載の可能性高（再生ほぼ0）
761,涙が語る物語、海外の反応,,1,1 か月前,朗読/同形式,0,転載の可能性高（再生ほぼ0）
762,涙のあとに咲く花,https://www.youtube.com/channel/UCn_lu_yqvINqU0EIdWI2JyQ,1,2 か月前,朗読/同形式,0,要中身確認（再生あり＝台本違いの可能性）
763,涙の終着駅,https://www.youtube.com/channel/UC_Y9e904aBrTCe8XGXhAOzg,1,12 日前,朗読/同形式,0,要中身確認（再生あり＝台本違いの可能性）
764,満月の夜の秘密トーク,https://www.youtube.com/channel/UCIKdgoY7I_OTzxO6ERTScyQ,1,1 か月前,朗読/同形式,0,転載の可能性高（再生ほぼ0）
765,澄澄推文,https://www.youtube.com/channel/UCPiiBm-GGD3QxAn9wS4fu6w,1,8 日前,朗読/同形式,0,転載の可能性高（再生ほぼ0）
766,熊谷 まどか,https://www.youtube.com/channel/UCnzlVEV5tWMxaWVvuyvVnyg,1,2 年前,朗読/同形式,0,転載の可能性高（再生ほぼ0）
767,物語の空,https://www.youtube.com/channel/UCKajeOgrK7jmpx2dRLtVjIQ,1,1 年前,LINE形式,0,転載の可能性高（再生ほぼ0）
768,猫耳スカッと劇場,https://www.youtube.com/channel/UCbQTA8mN_UV80GZ34QTOAhA,1,2 年前,朗読/同形式,0,要中身確認（再生あり＝台本違いの可能性）
769,生活ドラマ館,https://www.youtube.com/channel/UCY-_AFznihtulp3Z-fmudzQ,1,8 日前,朗読/同形式,0,転載の可能性高（再生ほぼ0）
770,略奪女,https://www.youtube.com/channel/UCLFhnTFllQFADQfgvPAtGfQ,1,1 か月前,朗読/同形式,0,転載の可能性高（再生ほぼ0）
771,略奪女を成敗する,https://www.youtube.com/channel/UCJp73l8_hVv3B87urdWKPQA,1,1 か月前,朗読/同形式,1,転載の可能性高（再生ほぼ0）
772,発見の旅,https://www.youtube.com/channel/UCZDB39yszaBHpO-1aKIP47w,1,7 か月前,LINE形式,0,転載の可能性高（再生ほぼ0）
773,給与,https://www.youtube.com/channel/UCSN_vE1r9vojhNFOzmuRT7Q,1,2 週間前,LINE形式,0,転載の可能性高（再生ほぼ0）
774,給与明細の格差バトル,https://www.youtube.com/channel/UC4aNtVsxSEKlFO11bIBTIwA,1,10 日前,LINE形式,0,転載の可能性高（再生ほぼ0）
775,縁側と涙,https://www.youtube.com/channel/UCCKArbhhCtWyuFIqCRMGLuQ,1,5 か月前,朗読/同形式,0,要中身確認（再生あり＝台本違いの可能性）
776,美しい日本、深淵の調書,,1,2 か月前,朗読/同形式,0,要中身確認（再生あり＝台本違いの可能性）
777,老後に灯る小さな幸せ,https://www.youtube.com/channel/UClulJjpNJoMyXdqxbuTlp4w,1,1 か月前,朗読/同形式,0,転載の可能性高（再生ほぼ0）
778,老蔡的田园,https://www.youtube.com/channel/UC72EEX08x8NsK4PUubN_BZg,1,2 週間前,朗読/同形式,0,転載の可能性高（再生ほぼ0）
779,自己中マザコンの末路,https://www.youtube.com/channel/UCYWiXNG1ompMYgvD-5QwYPg,1,3 週間前,朗読/同形式,0,転載の可能性高（再生ほぼ0）
780,芋泥卷卷,https://www.youtube.com/channel/UC9ByA8EPkJwGPN_-XBdzzWA,1,3 週間前,朗読/同形式,0,転載の可能性高（再生ほぼ0）
781,若い子豚,https://www.youtube.com/channel/UCdZzVPtSayihh9XVobCBoUA,1,2 年前,朗読/同形式,0,転載の可能性高（再生ほぼ0）
782,華麗なる復讐話,https://www.youtube.com/channel/UC_QH2ZEE74Tv7auJYZV8jbg,1,3 年前,朗読/同形式,0,要中身確認（再生あり＝台本違いの可能性）
783,裏切りと真実の話,https://www.youtube.com/channel/UCHidYLh7fdvFC_PglWk56ig,1,3 か月前,朗読/同形式,0,転載の可能性高（再生ほぼ0）
784,西川 明里,https://www.youtube.com/channel/UCe0GliJbrZxV_W9vFvJlNew,1,1 か月前,朗読/同形式,0,転載の可能性高（再生ほぼ0）
785,言葉にできない感情,https://www.youtube.com/channel/UCHn5Wo-_Ke1DMbNWRdocyvw,1,9 か月前,朗読/同形式,0,転載の可能性高（再生ほぼ0）
786,話しかける日々,https://www.youtube.com/channel/UC2BZAHeIIpvFQeMWkWTgasA,1,1 年前,朗読/同形式,0,転載の可能性高（再生ほぼ0）
787,話題のLINE劇場,https://www.youtube.com/channel/UCTfZIHvsBq_7_w32qYmnxbQ,1,10 か月前,LINE形式,0,転載の可能性高（再生ほぼ0）
788,貯金箱,https://www.youtube.com/channel/UCmBjLSJLiOrOTuY_BH98p8w,1,2 年前,朗読/同形式,0,転載の可能性高（再生ほぼ0）
789,近藤 智 ,https://www.youtube.com/channel/UCGrrWOm-FX7EsUB4uGVtxCA,1,1 か月前,朗読/同形式,1,要中身確認（再生あり＝台本違いの可能性）
790,退屈な話,https://www.youtube.com/channel/UC3lz1UnA35nLXcQXFzaNuYQ,1,3 時間前,朗読/同形式,0,転載の可能性高（再生ほぼ0）
791,逆転の結末,https://www.youtube.com/channel/UCxpOyuqZReR-6JpC7yz86-Q,1,2 週間前,朗読/同形式,0,要中身確認（再生あり＝台本違いの可能性）
792,逆転ストーリー 5025,https://www.youtube.com/channel/UCMi5dbiC9mVMJY5M3fhi5qA,1,1 か月前,朗読/同形式,0,転載の可能性高（再生ほぼ0）
793,運命の分岐点,https://www.youtube.com/channel/UCRX2SH5h57o-K1goTwfpxaQ,1,2 か月前,朗読/同形式,0,要中身確認（再生あり＝台本違いの可能性）
794,運命の国際恋愛,https://www.youtube.com/channel/UCFK780ZszATo7Bfl9WE-K6w,1,2 か月前,朗読/同形式,0,要中身確認（再生あり＝台本違いの可能性）
795,運命の糸4933,https://www.youtube.com/channel/UCqd_jW2lAgOxuXLAfqKYOGA,1,2 か月前,朗読/同形式,0,転載の可能性高（再生ほぼ0）
796,鈴の音シアター、隣のシニアドラマ,,1,2 か月前,朗読/同形式,0,要中身確認（再生あり＝台本違いの可能性）
797,隠された物語、他 2 チャンネル,,1,3 日前,朗読/同形式,0,要中身確認（再生あり＝台本違いの可能性）
798,雨の中の記憶、感動フェアリー,,1,6 日前,朗読/同形式,0,転載の可能性高（再生ほぼ0）
799,雨の中の記憶、有声书4,,1,3 日前,朗読/同形式,0,転載の可能性高（再生ほぼ0）
800,静かな夜の物語、他 2 チャンネル,,1,3 週間前,朗読/同形式,0,転載の可能性高（再生ほぼ0）
801,静かな復讐朗読室、他 2 チャンネル,,1,1 か月前,朗読/同形式,0,転載の可能性高（再生ほぼ0）
802,風鈴の音,https://www.youtube.com/channel/UC0Q1xuCdM4teZyc4258M27A,1,1 か月前,朗読/同形式,0,要中身確認（再生あり＝台本違いの可能性）
803,鶴の恩返し,https://www.youtube.com/channel/UCc7i9BRbAQz52z1E9dNiE0w,1,2 年前,朗読/同形式,0,転載の可能性高（再生ほぼ0）
804,黄昏に見つけた幸せの物語、Valley The Sun,,1,3 か月前,朗読/同形式,0,転載の可能性高（再生ほぼ0）
805,黄金の時間,https://www.youtube.com/channel/UC_hHsTiuNoC1evTxjzQjXcg,1,9 か月前,朗読/同形式,0,要中身確認（再生あり＝台本違いの可能性）
806,봄나들이길,https://www.youtube.com/channel/UCe0ulpV-qbPNmGZZTo7RqAg,1,1 年前,朗読/同形式,0,転載の可能性高（再生ほぼ0）
