No.,チャンネル名,チャンネルURL,転載動画URL,転載の検索順位,本家の検索順位,転載の投稿,転載の再生数,元動画URL,元動画の再生数,元タイトル,判定目安
1,実話感動チャンネル,https://www.youtube.com/channel/UCekQO8WQ0udVSYSfX4Pymgw,https://www.youtube.com/watch?v=jv_tPg2W6KU,1,2,2 か月前,27912,https://www.youtube.com/watch?v=p4pyD9SD1Tk,81000,【スカッとする話】義両親に蹴られ骨折した私に夫「寝かせとけば治るw」翌日、病室に嘲笑いに来た義家族「あれ、嫁は？w」医師「警察署です」義家族「え？」【朗読】【スカッと】,要中身確認（再生あり＝台本違いの可能性）
2,実話感動チャンネル,https://www.youtube.com/channel/UCekQO8WQ0udVSYSfX4Pymgw,https://www.youtube.com/watch?v=qFlVMlu5W_s,1,2,3 か月前,13613,https://www.youtube.com/watch?v=nlS5u4pCtI0,38000,【スカッとする話】警察官の弟の結婚式に出席した私。義母「中卒の姉は一族の恥ねw」直後、慌てた弟が義母に私の正体を伝えると、義母は顔面蒼白に…【朗読】【スカッと】,要中身確認（再生あり＝台本違いの可能性）
3,実話感動チャンネル,https://www.youtube.com/channel/UCekQO8WQ0udVSYSfX4Pymgw,https://www.youtube.com/watch?v=3Y0kz4vBXE4,1,2,3 か月前,11882,https://www.youtube.com/watch?v=Tpbu9uHiFPg,110000,【スカッとする話】結婚10年目に銀行員の夫が突然の暴露「お前の親友と結婚するw籍入れてないし財産分与は無しw」私「あれ？あんた知らないの？」夫「何がだよw」実は…,要中身確認（再生あり＝台本違いの可能性）
4,実話感動チャンネル,https://www.youtube.com/channel/UCekQO8WQ0udVSYSfX4Pymgw,https://www.youtube.com/watch?v=wC808VvKID0,1,2,2 か月前,5598,https://www.youtube.com/watch?v=9kcEIi88egw,230000,【スカッとする話】自ら命を絶った夫が亡くなり1週間後、私宛に夫から手紙が届いた...手紙「両親に見つからず読んでくれ」そこに記された場所に行き同封の鍵でコインロッカーを開けると...,要中身確認（再生あり＝台本違いの可能性）
5,家族の修羅場,https://www.youtube.com/channel/UCBh3ipHGoPZMTeNkEWdf5kQ,https://www.youtube.com/watch?v=TgQ5XyInIK4,1,2,7 か月前,3,https://www.youtube.com/watch?v=RAvd6Tel5z0,27000,【スカッとする話】初孫の初節句のお祝いで料亭に行くと私だけ料理がない…長男嫁「家族の分しかないですよw」私「じゃあ他人は帰りますね。仕送り30万もやめるから」,転載の可能性高（再生ほぼ0）
6,家族の修羅場,https://www.youtube.com/channel/UCBh3ipHGoPZMTeNkEWdf5kQ,https://www.youtube.com/watch?v=73K4XYt9xrc,1,2,7 か月前,0,https://www.youtube.com/watch?v=XKULaOclsHw,19000,【スカッとする話】母が危篤になり病院へ急ぐ私に夫「他人のババァとか興味ないwてか出張中は連絡するなw」2週間後、満面の笑みで夫が帰ると→私「お義母さんの葬儀、終わったよ」,転載の可能性高（再生ほぼ0）
7,家族の修羅場,https://www.youtube.com/channel/UCBh3ipHGoPZMTeNkEWdf5kQ,https://www.youtube.com/watch?v=Dw56BW6dv8A,1,2,7 か月前,0,https://www.youtube.com/watch?v=Hf2l_WByhX8,15000,【スカッとする話】私「ボーナスとミニバンが消えた！」夫「還暦祝いで母さんに譲ったw文句あるなら離婚するぞw」3日後、半狂乱の義母から鬼電→私「あんた誰？」【スカッと】【朗読】,転載の可能性高（再生ほぼ0）
8,家族の修羅場,https://www.youtube.com/channel/UCBh3ipHGoPZMTeNkEWdf5kQ,https://www.youtube.com/watch?v=hU_nHDJY2IQ,1,2,7 か月前,0,https://www.youtube.com/watch?v=AkFPFwnz6fs,55000,【スカッとする話】1億の一軒家に住む金持ち自慢の婚約者の実家へ結婚挨拶に行くと、義父「なんだ？不細工な嫁だなw」義母「親の顔が見てみたいわねw」→母「どうも、不細工の母です」義両親「え？あなたは…」,転載の可能性高（再生ほぼ0）
9,Văn Sơn Lã,https://www.youtube.com/channel/UCnSrambnfB2Nc_4BliQ4Aug,https://www.youtube.com/watch?v=hDurNSA0XVU,1,2,1 年前,0,https://www.youtube.com/watch?v=a207sJNOihM,87000,【スカッとする話】浮気中の夫が意識不明で運ばれ、救急隊員「意識不明の重体です！」私「旦那じゃありません」無視して夫の人生終了させた結果w,転載の可能性高（再生ほぼ0）
10,Văn Sơn Lã,https://www.youtube.com/channel/UCnSrambnfB2Nc_4BliQ4Aug,https://www.youtube.com/watch?v=x6IaaxpWj6s,1,2,1 年前,0,https://www.youtube.com/watch?v=urrn4wk835o,100000,【スカッとする話】事故で半身不随の夫の見舞いに来た8歳の姪「この手紙ばぁばから預かったの。夫さんに隠れて読んでって」手紙を確認した私は慌てて夫のズボンを脱がし...,転載の可能性高（再生ほぼ0）
11,Văn Sơn Lã,https://www.youtube.com/channel/UCnSrambnfB2Nc_4BliQ4Aug,https://www.youtube.com/watch?v=xOwGZi2Qd64,1,2,1 年前,1,https://www.youtube.com/watch?v=14YEbx6YYwk,42000,【スカッとする話】家事に疲れて休憩していると妊娠9ヶ月の私を蹴ってきた夫「妊婦だからは甘え！家事サボるな！」無視した私に夫がビール瓶を投げるも当たって血まみれになったのは...,転載の可能性高（再生ほぼ0）
12,人生スカッと朗読館,https://www.youtube.com/channel/UChTkZ7g3oCCQG3XSqe69LWQ,https://www.youtube.com/watch?v=qsjIpApuEeQ,1,2,6 日前,0,https://www.youtube.com/watch?v=hi2PAohyTkU,20000,【スカッとする話】夫の出張中、オウムを任された私。何気なくオウムに話しかけると、オウム「嫁にはバレてないよ」不審に思い夫の部屋を開けた。→直後、私は顔面蒼白に…【朗読ドラマ】【朗読】【スカッと】,転載の可能性高（再生ほぼ0）
13,人生スカッと朗読館,https://www.youtube.com/channel/UChTkZ7g3oCCQG3XSqe69LWQ,https://www.youtube.com/watch?v=R6VSFZgv9rc,1,2,5 日前,0,https://www.youtube.com/watch?v=eFu4Ak6nNYo,28000,【スカッとする話】結婚式をドタキャンした妹の代わりに、田舎の大工と結婚させられた私。私「バイトして生活費入れるね」夫「必要ないよ！だって…」翌日、半狂乱の妹が自宅に来てw【朗読ドラマ】【スカッと】,転載の可能性高（再生ほぼ0）
14,人生スカッと朗読館,https://www.youtube.com/channel/UChTkZ7g3oCCQG3XSqe69LWQ,https://www.youtube.com/watch?v=tUiERp-OvV8,1,2,3 日前,0,https://www.youtube.com/watch?v=DEqKKzP1pB4,21000,【スカッとする話】通院費1万すら拒絶した息子夫婦「年金から払えば？w」翌日、家の名義を変え姿を消すと、大号泣の2人から大量着信が…w【朗読ドラマ】【朗読】【スカッと】,転載の可能性高（再生ほぼ0）
15,心に灯る物語,https://www.youtube.com/channel/UC9RH_NC0WPeS4wTf1v8DyAA,https://www.youtube.com/watch?v=77SDLWlcnlY,1,2,5 日前,23,https://www.youtube.com/watch?v=T3U_Z90x4XM,29000,【スカッとする話】息子の葬儀に夫と義父が来ない。私「早く来て！もう告別式よ？」夫「今からタイだから無理！」義父「旅行中に連絡すんな」キレた私が義実家を売却すると→帰宅した二人から鬼電が【朗読】,要中身確認（一部に再生あり）
16,心に灯る物語,https://www.youtube.com/channel/UC9RH_NC0WPeS4wTf1v8DyAA,https://www.youtube.com/watch?v=98AOVhQAA7Y,1,2,3 日前,38,https://www.youtube.com/watch?v=Yf8E-jgnsFM,13000,【スカッとする話】私からエリート銀行員の夫を奪った同僚から結婚式の招待状。同僚「ハワイ挙式するから来てねw」直後、私は夫の勤務先へ電話→私「支店長？離婚したからアイツ解雇で」,要中身確認（一部に再生あり）
17,心に灯る物語,https://www.youtube.com/channel/UC9RH_NC0WPeS4wTf1v8DyAA,https://www.youtube.com/watch?v=DNmv0Hg_5Io,1,2,1 日前,15,https://www.youtube.com/watch?v=OWdBzCbgDKk,240000,【スカッとする話】出産した妹のお見舞いに行くと、新生児の父親がまさかの夫...。私「おめでとう、お幸せに！」帰宅して夫の荷物を全て処分し家を売り払い更地にした結果w,要中身確認（一部に再生あり）
18,心の琴線 5645,https://www.youtube.com/channel/UCiaf20iOL2Huh9928uSBP7A,https://www.youtube.com/watch?v=YnfJV6jLEg8,1,2,4 週間前,7,https://www.youtube.com/watch?v=FxlDr2hksk4,62000,【スカッとする話】姉を溺愛する両親に低スペ男とのお見合いを強要された私。母「貧乏の相手はお前がお似合いw」3日後、お見合いに行くと→現れた相手がまさかの…【朗読】【スカッと】,転載の可能性高（再生ほぼ0）
19,心の琴線 5645,https://www.youtube.com/channel/UCiaf20iOL2Huh9928uSBP7A,https://www.youtube.com/watch?v=Vv2PAFTACZ4,1,3,4 週間前,0,https://www.youtube.com/watch?v=nb_aRD_6UTg,27000,【スカッとする話】親友が急逝し女手一つで引き取り育てた娘の結婚式で私の席にだけ盛り塩が置かれていた。医者の新郎母「母子家庭の母は一族の恥w」娘「…母さん帰ろう」私「…うん」翌日、新郎一家は全てを失い…,転載の可能性高（再生ほぼ0）
20,心の琴線 5645,https://www.youtube.com/channel/UCiaf20iOL2Huh9928uSBP7A,https://www.youtube.com/watch?v=RV48RxyOXZc,1,2,4 週間前,0,https://www.youtube.com/watch?v=OGQqqSZ2qR0,12000,【スカッとする話】家のローンを毎月18万払い続ける私に夫「家と財産は長男夫婦に譲った！」長男「寄生虫の穀潰しは出てけw」キレた私が全ての支払いを停止→家も売り払い解体すると…w,転載の可能性高（再生ほぼ0）
21,涙の向こう側,https://www.youtube.com/channel/UCOXAYjsxUMpublA1yS1ATIA,https://www.youtube.com/watch?v=BKGGXpEPjwU,1,2,2 日前,3,https://www.youtube.com/watch?v=9rpPVsP5yWI,9151,【スカッとする話】突然、義妹「今日は私の結婚式だよ？ドタキャンとか最低よ！」私「え？一体どういうこと？」招待されてないと伝えると…,要中身確認（一部に再生あり）
22,涙の向こう側,https://www.youtube.com/channel/UCOXAYjsxUMpublA1yS1ATIA,https://www.youtube.com/watch?v=a1E33wG5EuE,1,2,2 日前,6,https://www.youtube.com/watch?v=D84pvtxh-qM,250000,【スカッとする話】盲目の夫を連れて定期健診に行くと、なぜか私だけ別室に案内された…医者「今すぐ警察に行きなさい！」真相を知った私は顔面蒼白に…,要中身確認（一部に再生あり）
23,涙の向こう側,https://www.youtube.com/channel/UCOXAYjsxUMpublA1yS1ATIA,https://www.youtube.com/watch?v=LWn_eEvcP0c,2,3,2 日前,11,https://www.youtube.com/watch?v=-4yhJ5v7T4s,17000,【スカッとする話】大手銀行で5時間待たされた。私「30億おろします」銀行員「残高300円じゃねーか底辺ババァw」私「貸金庫のお金30億他に移すわ」,要中身確認（一部に再生あり）
24,良い話,https://www.youtube.com/channel/UCSrk1OzKlw4sCvRbksLDgcQ,https://www.youtube.com/watch?v=RrYsNClQdpk,1,2,5 日前,0,https://www.youtube.com/watch?v=1whCmp5y0Nk,28000,【スカッとする話】私が夫のドナー提供予定と知らず私を罵倒する夫「誰のおかげで飯食えてんだw逆らうなら離婚だぞw」私「じゃ離婚で」夫を見捨てて海外移住した結果w【スカッと】【朗読】,転載の可能性高（再生ほぼ0）
25,良い話,https://www.youtube.com/channel/UCSrk1OzKlw4sCvRbksLDgcQ,https://www.youtube.com/watch?v=WsA9R_Dugs4,1,2,5 日前,0,https://www.youtube.com/watch?v=6YoyJs_Qqjk,36000,【スカッと】3年前に記入済みの離婚届を残し不倫相手と駆け落ちした夫から電話「来週帰ってやるw寿司用意しとけw」1週間後、夫が帰宅すると衝撃の事実に崩れ落ち…w,転載の可能性高（再生ほぼ0）
26,良い話,https://www.youtube.com/channel/UCSrk1OzKlw4sCvRbksLDgcQ,https://www.youtube.com/watch?v=py2Yoh601oI,1,2,1 日前,0,https://www.youtube.com/watch?v=AiIbD4_uq2s,85000,【スカッとする話】私のブラックカードで25人分も高級寿司を奢る義母「嫁の金なので全部タダよｗ」私「あれ？カードは期限切れですよ？先週、離婚届も出して私独身ですし」義母「え？」結果w【スカッと】【朗読】,転載の可能性高（再生ほぼ0）
27,藤田 七海,https://www.youtube.com/channel/UCe0KTxGVR84qUjkAHQb-wGg,https://www.youtube.com/watch?v=1xXNKv0BneY,1,2,4 週間前,1,https://www.youtube.com/watch?v=h7fUPWG2iGU,16000,【スカッとする話】娘がアスペルガーと診断されると、夫「離婚でw親権はお前なw」絶望の中、号泣する私に娘「ママ、これは何…？」娘が指差した紙を拾い上げると…【朗読】【スカッと】,要中身確認（一部に再生あり）
28,藤田 七海,https://www.youtube.com/channel/UCe0KTxGVR84qUjkAHQb-wGg,https://www.youtube.com/watch?v=evdeFiuqmfY,1,3,3 週間前,8,https://www.youtube.com/watch?v=cJTBStbKuvI,29000,【スカッとする話】里帰り出産から帰ると、浮気夫「すまん、離婚してくれ…」愛人「金目当ての女は消えてw」私「OK（大丈夫かな？w借金1億あるけどw）」【朗読】【スカッと】,要中身確認（一部に再生あり）
29,藤田 七海,https://www.youtube.com/channel/UCe0KTxGVR84qUjkAHQb-wGg,https://www.youtube.com/watch?v=9ZyPErNH4eU,1,2,9 日前,5,https://www.youtube.com/watch?v=rNIrBwB8mno,16000,【スカッとする話】夫が入浴中、義妹から電話。義妹「妊娠しちゃいました…」私「誰の子？」義妹「…」全ての事情を察した私「夫には黙って家来て」実は…【朗読】【スカッと】,要中身確認（一部に再生あり）
30,Dima Tomashevich,https://www.youtube.com/channel/UCkfiH3lPVPodePE4eNSDpWg,https://www.youtube.com/watch?v=vlTzDJoGQVc,1,2,2 年前,0,https://www.youtube.com/watch?v=ZWebgSwWOzY,27000,【スカッとする話】育休を終え職場に出社した私が新しい女部長に挨拶すると「あれ？清掃のおばちゃん？邪魔だから床掃除でもしてろw」直後、全社員がブルブル震え出し...,転載の可能性高（再生ほぼ0）
31,Dima Tomashevich,https://www.youtube.com/channel/UCkfiH3lPVPodePE4eNSDpWg,https://www.youtube.com/watch?v=AJ8w72BnMHc,1,3,2 年前,0,https://www.youtube.com/watch?v=wJUURA3MikY,21000,【スカッとする話】私の入院中に愛人と浮気し妊娠を理由に離婚宣言する夫「家事サボる女とは離婚！慰謝料として家はオレ達が貰うw！」弁護士を交えて話し合い、2人をボコボコにした結果w【修羅場】【スカッと】,転載の可能性高（再生ほぼ0）
32,Dung Tran,https://www.youtube.com/channel/UCFPRY-BV8v_syKN9vAChvHg,https://www.youtube.com/watch?v=wsqcVBmsx2k,1,2,1 年前,0,https://www.youtube.com/watch?v=j5gAJfKA1h4,52000,【スカッとする話】私が年商55億の社長と知らず、三十路の私を不妊と見下し浮気相手と再婚した夫「不妊の欠陥品は婚活中か？w」私「え？誰が不妊の欠陥品？」旦那と息子を呼び事実を伝えるとw,転載の可能性高（再生ほぼ0）
33,Dung Tran,https://www.youtube.com/channel/UCFPRY-BV8v_syKN9vAChvHg,https://www.youtube.com/watch?v=r_5NJOwAxiE,1,2,1 年前,0,https://www.youtube.com/watch?v=f5r1JGa0gr8,140000,【スカッとする話】ハワイへの家族旅行当日、空港に無一文で置き去りにされた私...夫「家族だけで楽しんでくるw」義両親「アンタは野宿でもしてなw」私「はーい」→ホテルで夫と義両親が顔面蒼白にw,転載の可能性高（再生ほぼ0）
34,Prime Stories,https://www.youtube.com/channel/UCmzQkoRLdndquRvLDr2uSJg,https://www.youtube.com/watch?v=3kDilLfB3jI,2,7,3 か月前,22,https://www.youtube.com/watch?v=NTuf2k99EWQ,270000,【スカッとする話】体調不良でパートを早退し家に帰ると夫が親友と真っ最中...コッソリ二人の動画を撮影し親友の夫に送ってやった結果w,転載の可能性高（再生ほぼ0）
35,Prime Stories,https://www.youtube.com/channel/UCmzQkoRLdndquRvLDr2uSJg,https://www.youtube.com/watch?v=czDbOrMm4kc,3,4,5 か月前,28,https://www.youtube.com/watch?v=ggQWFYLMQqE,430000,【スカッと総集編】長男の結婚式前夜、ペットカメラを確認すると誰もいないはずの寝室で夫と長男嫁が真っ最中…音量を最大にして式場で実況中継してやった結果w【修羅場】,転載の可能性高（再生ほぼ0）
36,catmanfistybottom,https://www.youtube.com/channel/UCfNwMUwI6SEklVq03ZatTFw,https://www.youtube.com/watch?v=bUd5sDKj-hI,1,2,2 年前,0,https://www.youtube.com/watch?v=JZQBw8qut7E,82000,【スカッとする話】私名義の新築とは知らず里帰り出産で居座る妹「妊婦の邪魔だから出てけw」夫「お前は倉庫で寝てろw」私「分かりました...」キレた私が家を売却し更地にすると,転載の可能性高（再生ほぼ0）
37,catmanfistybottom,https://www.youtube.com/channel/UCfNwMUwI6SEklVq03ZatTFw,https://www.youtube.com/watch?v=2_ftTR_y-9g,2,3,2 年前,1,https://www.youtube.com/watch?v=5U30Sda_BcM,72000,【スカッとする話】私の旅行中に無断で義両親の引越し荷物を我が家に運び入れた夫「お前はもう帰ってくるなw」私「はーい、私も勝手に引越すね」海外の豪邸に引越した結果w,転載の可能性高（再生ほぼ0）
38,ほっこり朗読ルーム,https://www.youtube.com/channel/UCSlUg18tDFgmtpHSaROcKMQ,https://www.youtube.com/watch?v=PIE5-LrBSeE,1,2,9 か月前,2,https://www.youtube.com/watch?v=p9wE0wHlkMA,61000,【スカッとする話】離婚し引っ越したことを知らない義父「明日から息子の家で暮らすw」義母「掃除しておきなさいw」私「え？息子さんの家は河川敷よ？」義両親「は？」【朗読】【スカッと】,転載の可能性高（再生ほぼ0）
39,ほっこり朗読ルーム,https://www.youtube.com/channel/UCSlUg18tDFgmtpHSaROcKMQ,https://www.youtube.com/watch?v=EOY8OFt-t-c,1,3,9 か月前,0,https://www.youtube.com/watch?v=3ROoZpLQQvY,18000,【スカッとする話】姉夫婦の婚約祝いに到着すると息子「ママ、今すぐ帰ろう！早く発車して！」混乱する息子に理由を聞くと、息子「後ろみて…」私「え？」【朗読】【スカッと】,転載の可能性高（再生ほぼ0）
40,スカッとする話 5020,https://www.youtube.com/channel/UCAG5eZR0aJpGuShtjtimSEg,https://www.youtube.com/watch?v=S6BO0FlMpkE,1,2,3 週間前,235,https://www.youtube.com/watch?v=GsVNz8g6MTk,21000,【スカッとする話】大雪の夜、道端で震える7歳の少女。少女「これおばちゃんの財布？」私は実家の温泉旅館に連れ帰り、懐石料理を振る舞った結果…【朗読】【スカッと】,転載の可能性高（再生ほぼ0）
41,スカッとする話 5020,https://www.youtube.com/channel/UCAG5eZR0aJpGuShtjtimSEg,https://www.youtube.com/watch?v=JX-ocSB49Vo,1,2,3 週間前,294,https://www.youtube.com/watch?v=ObEfba0ciWg,43000,【スカッとする話】清掃員の私を見下す外科部長「アメリカの大臣に英語で挨拶しろw」私「大臣、お久しぶりです」ペラペラ英語で話した結果w【朗読】【スカッと】,転載の可能性高（再生ほぼ0）
42,スカッとスッキリTV,https://www.youtube.com/channel/UCuNp5_risg4Vv7sPXRnd41A,https://www.youtube.com/watch?v=sGQw49NQQfU,1,2,9 か月前,494,https://www.youtube.com/watch?v=a14Uvt5re2g,320000,【スカッとする話】年末に義実家へ帰省するといつものように奴隷扱いの私に、久しぶりに帰省した義父「なんでご飯食べないんだ？」私「いつもの事なので」義父「は？」激怒した義父が義実家を売却し更地に【修羅場】,要中身確認（再生あり＝台本違いの可能性）
43,スカッとスッキリTV,https://www.youtube.com/channel/UCuNp5_risg4Vv7sPXRnd41A,https://www.youtube.com/watch?v=8uV_nllynq4,2,3,9 か月前,518,https://www.youtube.com/watch?v=_m8w5ILU3u0,330000,【スカッとする話】月9万円で年金暮らしの私に長男嫁「頼られるの嫌だし絶縁でw」長男「今後一切関わらないからw」私「本当にいいのね？」長男嫁「え？」絶縁して2ヶ月後…w,要中身確認（再生あり＝台本違いの可能性）
44,スカッと逆転チャンネル,https://www.youtube.com/channel/UCdomxLx_o6zPSsAkEAokA3g,https://www.youtube.com/watch?v=v-e8Mt-GSGk,1,2,3 か月前,0,https://www.youtube.com/watch?v=AYATV4AsDDE,39000,【スカッとする話】単身赴任中の夫から離婚届…夫「ごめん、癌になった。迷惑かけたくないから離婚しよ」察した私「お世話になりました」その日のうちに家を出た結果w,転載の可能性高（再生ほぼ0）
45,スカッと逆転チャンネル,https://www.youtube.com/channel/UCdomxLx_o6zPSsAkEAokA3g,https://www.youtube.com/watch?v=jVMzEiaUkDM,1,2,3 か月前,0,https://www.youtube.com/watch?v=3v3SpATF0Q8,28000,【スカッとする話】何をしても怒らない祖母に自慢の婚約者を紹介すると…祖母「結婚は認めません！親を呼びなさい！」突然豹変したので夫の両親を呼ぶと衝撃の事実が判明し…,転載の可能性高（再生ほぼ0）
46,中山 さくら,https://www.youtube.com/channel/UC_mK6EZiU08H0hwcwnGg03g,https://www.youtube.com/watch?v=cduog1Eqaf0,2,3,2 年前,1,https://www.youtube.com/watch?v=wJUURA3MikY,21000,【スカッとする話】私の入院中に愛人と浮気し妊娠を理由に離婚宣言する夫「家事サボる女とは離婚！慰謝料として家はオレ達が貰うw！」弁護士を交えて話し合い、2人をボコボコにした結果w【修羅場】【スカッと】,転載の可能性高（再生ほぼ0）
47,中山 さくら,https://www.youtube.com/channel/UC_mK6EZiU08H0hwcwnGg03g,https://www.youtube.com/watch?v=ZRQ9uW9BNIE,2,4,2 年前,0,https://www.youtube.com/watch?v=BtA7JFMqk-Y,77000,【スカッとする話】誰もいないはずの家に戻ると私の部屋では夫と長男嫁が真っ最中...私は携帯を取り出し服を投げ捨て、義実家に実況中継してやった結果w【修羅場】【スカッと】,転載の可能性高（再生ほぼ0）
48,嫁ゴコロ逆転朗読館,https://www.youtube.com/channel/UCQDSjWHn0tvkuVZav4jZnXQ,https://www.youtube.com/watch?v=jJ6Oj2y5sO0,1,2,1 日前,0,https://www.youtube.com/watch?v=X0ymak1xUTk,63000,【スカッとする話】新築祝い当日、親族の前で息子夫婦「祝い金たった40万って何？300万くらい包めよ貧乏人w」キレた私は仕送りと援助を停止→ついでに家を売払い更地にし…w【朗読】【スカッと】,転載の可能性高（再生ほぼ0）
49,嫁ゴコロ逆転朗読館,https://www.youtube.com/channel/UCQDSjWHn0tvkuVZav4jZnXQ,https://www.youtube.com/watch?v=wypTXZU0pOo,1,2,5 日前,0,https://www.youtube.com/watch?v=a4zw-oCgHd0,310000,【スカッとする話】社員食堂のおばちゃんの私。男性社員「おばさんありがと！」女性社員「いつも有難う！」私「君達、今日でクビね」社員「え？」【朗読】【スカッと】,転載の可能性高（再生ほぼ0）
50,家庭の真実 5497,https://www.youtube.com/channel/UCqzVZHS7_AHD3WczZdnOkwg,https://www.youtube.com/watch?v=5W4pdapnt3Q,1,2,2 週間前,30,https://www.youtube.com/watch?v=jBjxiVehxnI,360000,【スカッと総集編】私が義家族全員を養ってると知らず荷物を全て捨てた夫「いつまで俺の両親に寄生すんだ？w」私「じゃあ出て行くわ   」夫だけ残し1億のタワマンに引越した結果w,転載の可能性高（再生ほぼ0）
51,家庭の真実 5497,https://www.youtube.com/channel/UCqzVZHS7_AHD3WczZdnOkwg,https://www.youtube.com/watch?v=ZSY8zmZac6w,1,2,3 週間前,63,https://www.youtube.com/watch?v=wN8ao7swkq0,67000,【スカッと総集編】夫が腕を骨折して入院。義両親「息子は嫁に折られたから被害届出したって言ってるわよ！」キレた義母が私の頬を叩いた直後、我が家へ警察が来たが連れて行かれたのは私ではなく...,転載の可能性高（再生ほぼ0）
52,小さな幸せ,https://www.youtube.com/channel/UCDan477oQB_h9RQ24R2fRhA,https://www.youtube.com/watch?v=81tu7UZBJM0,1,3,2 年前,11,https://www.youtube.com/watch?v=9x2mRPOpvjQ,70000,【スカッとする話】娘の結婚式当日に夫がいない…私「何してるの？式始まってるよ！」夫「悪い、緊急の仕事が入って！」私「…OK」1時間後、ある人物から電話を受けた夫が半狂乱にw,転載の可能性高（再生ほぼ0）
53,小さな幸せ,https://www.youtube.com/channel/UCDan477oQB_h9RQ24R2fRhA,https://www.youtube.com/watch?v=5UonOrpizXo,1,2,2 年前,2,https://www.youtube.com/watch?v=a5lS8StIZwA,170000,【スカッとする話】1億のピアノがある金持ち自慢の婚約者の実家へ結婚挨拶に行くと、婚約者「俺達の家政婦連れてきたよw」義父「貧乏な顔w親の顔が見たいw」父「どうも、家政婦の父です」,転載の可能性高（再生ほぼ0）
54,张大帅太帅,https://www.youtube.com/channel/UCNjHtwq6NZLoB9nV6jh7QRA,https://www.youtube.com/watch?v=ZojarwGWPvw,1,2,3 日前,0,https://www.youtube.com/watch?v=y8ReyKKeUUQ,100000,【スカッとする話】私が資産170億の不動産王と知らず私から夫を奪った美人な姉「生活保護でも貰え貧乏人w」後日、示談交渉で弁護士が大爆笑→弁護士「生活保護はアナタでは？w」姉「え？」実は...,転載の可能性高（再生ほぼ0）
55,张大帅太帅,https://www.youtube.com/channel/UCNjHtwq6NZLoB9nV6jh7QRA,https://www.youtube.com/watch?v=ltj6jY5bePY,1,2,1 日前,0,https://www.youtube.com/watch?v=7Pz5jiUvSnQ,50000,【スカッとする話】親友の出産祝いで産婦人科へ行くと新生児の父親がまさかの夫だった...。私「おめでと！赤ちゃん可愛いね！」速攻で帰宅し夫の荷物を全て捨て、家を売り払い引越した結果w,転載の可能性高（再生ほぼ0）
56,暮らしの話 5688,https://www.youtube.com/channel/UCWk4WbfyjB8F0DF4kgNBEqw,https://www.youtube.com/watch?v=2iUFk8HmuyA,1,2,4 週間前,69,https://www.youtube.com/watch?v=_XYrDmk-GHI,38000,【スカッとする話】電気が停止した隣家を訪ねると、ボロボロの少女が妹を庇い震えていた。実家の旅館へ連れて帰るとまさかの展開に…【朗読】【スカッと】,要中身確認（再生あり＝台本違いの可能性）
57,暮らしの話 5688,https://www.youtube.com/channel/UCWk4WbfyjB8F0DF4kgNBEqw,https://www.youtube.com/watch?v=MghDHNIk9As,1,3,2 週間前,169,https://www.youtube.com/watch?v=dzwFny9DVj0,62000,【スカッと】親族の集まりに夫と行くと7歳の姪「お絵描きしたから見て！」姪が描いた不思議な絵を見ると、夫「 あれ？まさか…」私「うん」姪のSOSに気づいた夫と私は…,要中身確認（再生あり＝台本違いの可能性）
58,義家族スカッと物語帳,https://www.youtube.com/channel/UCIZ41RBpQd7wBp_oOTGv1zw,https://www.youtube.com/watch?v=fUyuooBW4x0,1,2,4 日前,1,https://www.youtube.com/watch?v=FrV4rLUCe5Q,100000,【スカッとする話】3歳になった孫の誕生日会で息子「泊まるなら押入れでw」息子嫁「嫌なら帰って下さいw」キレた私は仕送りと援助を停止→さらに隣の豪邸を購入すると…w【朗読】【スカッと】,転載の可能性高（再生ほぼ0）
59,義家族スカッと物語帳,https://www.youtube.com/channel/UCIZ41RBpQd7wBp_oOTGv1zw,https://www.youtube.com/watch?v=n66MEREV7e0,1,2,5 日前,0,https://www.youtube.com/watch?v=DYfDC7tM1-8,39000,【スカッとする話】定年退職後30年連れ添った私を捨てる夫「老後は第二の人生歩むから離婚w」私「いいけど後悔しない？」夫「するかw」3ヶ月後w【朗読】【スカッと】,転載の可能性高（再生ほぼ0）
60,街の物語 5687,https://www.youtube.com/channel/UCxterQPS0akz9_edy6xAiDw,https://www.youtube.com/watch?v=GZS0oo3VPb4,2,3,3 週間前,94,https://www.youtube.com/watch?v=3ROoZpLQQvY,18000,【スカッとする話】姉夫婦の婚約祝いに到着すると息子「ママ、今すぐ帰ろう！早く発車して！」混乱する息子に理由を聞くと、息子「後ろみて…」私「え？」【朗読】【スカッと】,要中身確認（再生あり＝台本違いの可能性）
61,街の物語 5687,https://www.youtube.com/channel/UCxterQPS0akz9_edy6xAiDw,https://www.youtube.com/watch?v=zXDp7Lbl-9g,2,3,3 週間前,1336,https://www.youtube.com/watch?v=IkjrifvTA_A,180000,【スカッと総集編】長男の葬儀中にペットカメラを確認すると、家の風呂場で夫と長男嫁が真っ最中   私「うわ…気持ち悪い」音量を最大にし浴室に閉じ込め、家族全員呼んでみた結果ｗ【修羅場】【スカッと】,要中身確認（再生あり＝台本違いの可能性）
62,話題のLINE,https://www.youtube.com/channel/UCPUjukg0U7MOqNIw_4l5hkA,https://www.youtube.com/watch?v=_-qoxxLguy8,1,3,2 年前,974794,https://www.youtube.com/watch?v=Tlkag3rVT5s,180000,【スカッとする話】30年連れ添った夫と離婚すると、義母「引っ越しはまだ？」夫「早く出てけ」私「30分後に消えます」荷物が運ばれ私が車に乗ると→義母「え？何なのこの高級車は？」,要中身確認（再生あり＝台本違いの可能性）
63,話題のLINE,https://www.youtube.com/channel/UCPUjukg0U7MOqNIw_4l5hkA,https://www.youtube.com/watch?v=ljV5pcl0_Uw,1,3,2 年前,526913,https://www.youtube.com/watch?v=iT0GjRHrB6w,260000,【スカッとする話】年末年始の親族の集まりで20人分のおせちをゴミ箱にぶちまけたエリート夫「親戚にマズイ飯を作るな！」私「私は何も作ってないよ？」夫「え？」実は...,要中身確認（再生あり＝台本違いの可能性）
64,静かな夜の物語、雨の中の記憶,,https://www.youtube.com/watch?v=ze9iOqJewBo,1,2,2 週間前,0,https://www.youtube.com/watch?v=T40Q2m3NnVw,60000,【スカッとする話】私の里帰り中に医者の婚約者を略奪した姉から連絡「彼の赤ちゃん妊娠したwアンタは帰ってくるなw」私「いいの？有り難う！」そのまま新居に引越した結果w,転載の可能性高（再生ほぼ0）
65,静かな夜の物語、雨の中の記憶,,https://www.youtube.com/watch?v=o0udygfbu2Y,1,圏外,10 日前,2,https://www.youtube.com/watch?v=cF4ti4NhgGU,170000,【スカッとする話】地下室に隠れ夫と親友が真っ最中だった...母「嫁子、戸締りしておいたわよ！」ど天然の母が気づかず鍵を閉めたので永遠に放置し新居に引越した結果w,転載の可能性高（再生ほぼ0）
66,静かな夜の物語、静かな心の記録,,https://www.youtube.com/watch?v=GzdH1HjwK5s,1,2,1 か月前,0,https://www.youtube.com/watch?v=Eh0FIn_sub0,56000,【スカッとする話】8歳の姪「1日だけ泊めて下さい...」大雪の中、赤ちゃんを抱き抱えボロボロの姿で現れた姪...。夫「え？それは無理だよ？」姪「そんな…涙」→結果,転載の可能性高（再生ほぼ0）
67,静かな夜の物語、静かな心の記録,,https://www.youtube.com/watch?v=zcVtcsNhvSU,1,2,23 時間前,0,https://www.youtube.com/watch?v=-EQHZjnhA9w,28000,【スカッとする話】一人暮らしの私のことを気遣う娘に私「いつも仕送りありがとう。月1000円でも気持ちが嬉しいわよ」娘「え？毎月13万送金してるよ？」私「えっ？」直後、娘が私の銀行口座を止めると...,転載の可能性高（再生ほぼ0）
68, 読書室【スカッとする話】,https://www.youtube.com/channel/UCjQd7ZVm5BPbGpB_V9B6kgQ,https://www.youtube.com/watch?v=ItiHHN9nAoE,2,3,1 年前,0,https://www.youtube.com/watch?v=KMhlovvuqDg,28000,【スカッとする話】13億の資産を築いた夫の葬儀後、通帳と印鑑を盗んだ義両親「3000万の家買っちゃったw」それを聞いてお腹を抱えて大爆笑→私「御愁傷さまw」実は...【スカッと】【朗読】,転載の可能性高（再生ほぼ0）
69,468 Ungthuphoi,https://www.youtube.com/channel/UChMTaakDMyRJ8dYWT6dyj6A,https://www.youtube.com/watch?v=KXFghHJtNeI,1,2,1 年前,47,https://www.youtube.com/watch?v=wjCku8hnE4A,21000,【スカッとする話】母に誘われ高級料亭へ行くと女性にプロポーズする夫「亡き妻の分まで君を幸せにする！」直後、普段温厚な母が立ち上がり、母「お隣いいですか？」結果w,転載の可能性高（再生ほぼ0）
70,578 Nhumotbong,https://www.youtube.com/channel/UC0biqKicwkA9gYrdBBgU1-w,https://www.youtube.com/watch?v=ZMKLsP9ebxU,1,3,1 年前,1,https://www.youtube.com/watch?v=McNVTi5SXBU,95000,【スカッとする話】姑との同居を勝手に決めた夫「引越しは済んだか？」私「うん！私の荷物も全部実家に送り終わったとこ」夫「え？実家？」結果w【修羅場】,転載の可能性高（再生ほぼ0）
71,679 Moicaitay,https://www.youtube.com/channel/UCbS2i6mY4rmoSoHWGu7uiYA,https://www.youtube.com/watch?v=XM51nQV3pRg,1,2,1 年前,0,https://www.youtube.com/watch?v=2ytRePzCVrE,60000,【スカッとする話】私の出張中に勝手に姉と姪の引越し荷物を我が家に運び入れた夫「お前はずっと仕事してろw」私「はーい、こっちも勝手にするね」ハワイの豪邸に引越した結果w,転載の可能性高（再生ほぼ0）
72,Bonnie Denver,https://www.youtube.com/channel/UCsdndA886timZqWK6_b0d0Q,https://www.youtube.com/watch?v=mNNqKsGw3zk,1,3,1 年前,0,https://www.youtube.com/watch?v=k6GWqtIXUlQ,42000,【スカッとする話】台風の夜、5歳の孫からSOS「ママに家を追い出された！助けて」私「パパは？」孫「知らない女の人と出て行った」私「え？」キレた私は...,転載の可能性高（再生ほぼ0）
73,COLORS DECEIVE,https://www.youtube.com/channel/UCytiIFYh1eDwUeCeeUdLqZQ,https://www.youtube.com/watch?v=-y-Wocuo5FY,1,2,2 年前,4734,https://www.youtube.com/watch?v=U9HQWEyzPVc,64000,【スカッとする話】11億の資産を築いた父の葬儀後に夫が突然「父さんの遺産いくらあるんだ？w」私「3億通帳に入れてるよ」翌朝、離婚届けを置き通帳と印鑑を盗んだ夫が家に来て「あ、あの通帳って」,要中身確認（再生あり＝台本違いの可能性）
74,Dau Conhoen,https://www.youtube.com/channel/UCbc3JRrwmaDW2_mYXitLGCg,https://www.youtube.com/watch?v=gRDlO_YWtwA,1,2,2 年前,353,https://www.youtube.com/watch?v=8Tm2R7t4MCc,140000,【スカッとする話】家事、育児、介護、パートをこなし10年。ある日、出張後に夫が突然の土下座「お前の親友を妊娠させた！」親友「旦那は貰うから出てけw」私「喜んで！」3日後、血相変えた親友から鬼電がw,要中身確認（再生あり＝台本違いの可能性）
75,Deadpool Lool,https://www.youtube.com/channel/UCCDbYtkLVK6W2f4MG5hSuBQ,https://www.youtube.com/watch?v=gKvYOjL-TSQ,1,2,2 年前,1,https://www.youtube.com/watch?v=jA4TTTeqo-M,120000,【スカッとする話】私が年商500億の社長と知らない夫「時給941円の底辺は出てけw」連れ子「役立たずの母親バイバイw」私「じゃあ出ていきます」１ヶ月後、涙を流した夫から鬼電がw,転載の可能性高（再生ほぼ0）
76,Elliot Perry,https://www.youtube.com/channel/UCu6sSOVx4IweXf0aPxIradQ,https://www.youtube.com/watch?v=YI-bX_pqL4E,1,2,1 年前,0,https://www.youtube.com/watch?v=N9NwywjCXnU,67000,【スカッとする話】大学から10年付き合った婚約者「10代の嫁が良い！そろそろ婚活するからもう別れよ！」捨てられ3年後に婚約者から鬼電→私「あんた誰だっけ？」,転載の可能性高（再生ほぼ0）
77,FutureLens,https://www.youtube.com/channel/UC1l4HieEbZPmgNoaCJdgHdw,https://www.youtube.com/watch?v=CRlkbIQAxQk,1,2,4 週間前,74,https://www.youtube.com/watch?v=6wF7ONOegQ0,30000,【スカッとする話】38歳で第一子を出産した私を捨て、19歳年下の不倫相手を優先した夫「可愛い子供が欲しかったな。お前との子はブスだから離婚で」18年後、娘と再会した夫が青ざめw【朗読】【スカッと】,転載の可能性高（再生ほぼ0）
78,Helen Chaney,https://www.youtube.com/channel/UCknZc7rOLWhfFlVN8PKKzGQ,https://www.youtube.com/watch?v=VN4pcX92erg,2,3,2 年前,62,https://www.youtube.com/watch?v=9x2mRPOpvjQ,70000,【スカッとする話】娘の結婚式当日に夫がいない…私「何してるの？式始まってるよ！」夫「悪い、緊急の仕事が入って！」私「…OK」1時間後、ある人物から電話を受けた夫が半狂乱にw,転載の可能性高（再生ほぼ0）
79,Hidalgo Jesus,https://www.youtube.com/channel/UCmHPxolrDN4OJyWrR31soAA,https://www.youtube.com/watch?v=jFXlACv0pLg,2,3,2 年前,0,https://www.youtube.com/watch?v=2bkFoDUO1Qo,150000,【スカッとする話】長男夫婦に初孫が生まれ出産祝いに行くと私だけカップ麺...長男嫁「家族の分しか無いですw」夫「...帰りますか」私「はい」直後、長男嫁に大惨事がw,転載の可能性高（再生ほぼ0）
80,Jamison Abraham,https://www.youtube.com/channel/UCcUsK23eqHw3ZQA5HjspM9Q,https://www.youtube.com/watch?v=I1fCJmwv5aM,1,2,1 年前,0,https://www.youtube.com/watch?v=zZV5oL3aIHY,37000,【スカッとする話】孫の七五三祝いに行くと私だけ席がない...夫の連れ子「家族以外は立ってろw」夫「...帰るか」私「うん」直後、連れ子に大惨事がw,転載の可能性高（再生ほぼ0）
81,La primera dinastía,https://www.youtube.com/channel/UCcoNEsDFchbWKIhodPJpGeQ,https://www.youtube.com/watch?v=oeF9zz1xxdk,2,3,1 年前,702,https://www.youtube.com/watch?v=E6hGGRc68uY,150000,【スカッとする話】愛人と隠し子を連れ帰宅した夫「息子はお前にやる！離婚だ！」息子「母さんとは離婚出来ないよ？だって...」息子の衝撃の一言で夫と愛人が半狂乱にw,要中身確認（再生あり＝台本違いの可能性）
82,Legacy Apollo,https://www.youtube.com/channel/UC2YwIXq-utTkNLQgcRVloyQ,https://www.youtube.com/watch?v=yNLHCpUS1JA,1,2,2 年前,0,https://www.youtube.com/watch?v=164f_ZUgz7E,44000,【スカッとする話】39歳で高齢妊娠した私が病院へ行くと、エリート銀行の元夫に遭遇「ババァが妊婦とかキモw」直後、現夫が現れ「私の妻が何か？」すると元夫がガクガク震え出し...【修羅場】,転載の可能性高（再生ほぼ0）
83,Mirai Sho - 繁栄のビジョン ,https://www.youtube.com/channel/UCTjoCcEdlhBRfL_rp551TSA,https://www.youtube.com/watch?v=eKIPqww2nfc,1,2,5 日前,1832,https://www.youtube.com/watch?v=IsPanDg1vH0,28000,【スカッとする話】娘の葬儀に愛人を連れてきた婿「最期に間に合わなくて残念w」愛人「遺産2億は私達が相続ねw」私「…ですってw」夫「助かるなw」愛人「え？」実はw【朗読ドラマ】【朗読】【スカッと】,要中身確認（再生あり＝台本違いの可能性）
84,Moss Izaiah,https://www.youtube.com/channel/UC5lpBbEgjn9jwhdAyBjFswQ,https://www.youtube.com/watch?v=CIqNUjURwD0,2,3,1 年前,0,https://www.youtube.com/watch?v=4cntzQ0KsAA,130000,【スカッとする話】妹の出産祝いに義両親と行くと、夫「俺も自分の子供欲しいな」私「え？何言ってるの？目の前にいるじゃない」義母と義父「は？」二人がブチギレ,転載の可能性高（再生ほぼ0）
85,Mr Slugma,https://www.youtube.com/channel/UCqUVtjSCJrFMeOa7iOTDpGw,https://www.youtube.com/watch?v=aDauIf_VIZU,2,3,2 年前,1,https://www.youtube.com/watch?v=k6GWqtIXUlQ,42000,【スカッとする話】台風の夜、5歳の孫からSOS「ママに家を追い出された！助けて」私「パパは？」孫「知らない女の人と出て行った」私「え？」キレた私は...,転載の可能性高（再生ほぼ0）
86,Shinji Datの人生物語,https://www.youtube.com/channel/UCpdX_bFCePsYvPWZAMQoaeg,https://www.youtube.com/watch?v=9ec8TRW_FFY,1,3,2 か月前,24,https://www.youtube.com/watch?v=ZSMzLBZN4z0,12000,【スカッとする話】手術当日、怯える私を見捨て、平然と飲み会へ向かった夫。1年後、夫の癌が発覚すると夫「怖いから来てくれ、頼む」私「飲み会だから無理w」結果w【朗読】【スカッと】,要中身確認（一部に再生あり）
87,TEL人生相談,https://www.youtube.com/channel/UC8h96aFQ0J8wvyM6y-koWYg,https://www.youtube.com/watch?v=Rk6V-ZwRMH0,1,3,2 年前,0,https://www.youtube.com/watch?v=NAEwCqwiBcg,67000,【スカッとする話】私名義の4LDKマンションと知らず、強引に私を追い出す姑と義姉「家は貰う！寄生虫は出て行け！」稼ぎ頭の私「わかりました…」→私物を全て回収し、家賃30万の家だけ残した結果w【修羅場】,転載の可能性高（再生ほぼ0）
88,Tran Nguyen,https://www.youtube.com/channel/UCkbLQFcmS_semy5V4yy7JCA,https://www.youtube.com/watch?v=1hmzqxms-hk,1,2,7 か月前,0,https://www.youtube.com/watch?v=Inkt788oa7g,11000,【スカッとする話】毎週家族を置いて旅行に行く夫「休みは1人になりたいんだ」私「はーい、ご自由にどうぞ」息子＆娘「おじさんバイバーイ」徹底的に1人にしてやった結果w,転載の可能性高（再生ほぼ0）
89,UnforgivenSmiley,https://www.youtube.com/channel/UC7X74plv5Qdz-X5NwsDZ2yA,https://www.youtube.com/watch?v=YbHAKfvintg,1,2,2 年前,0,https://www.youtube.com/watch?v=FJiSauJbihQ,44000,【スカッとする話】我が家が火事で全焼すると夫の連れ子「女の人が火傷で重症と聞いたけど大丈夫だった？w」私「え？私は買い物中だけど？」連れ子「え？」全身火傷で搬送されたのは...,転載の可能性高（再生ほぼ0）
90,ezebo chiamaka,https://www.youtube.com/channel/UCE-qld23FOqFEVR1e-zZk_g,https://www.youtube.com/watch?v=kVZyTmqZFtc,1,2,1 年前,1,https://www.youtube.com/watch?v=UQlpAe4Omjw,61000,【スカッとする話】夫が他界すると夫の連れ子「遺産いくら？」私「夫の両親が相続して0円よ...」連れ子「じゃアンタの娘辞めるわw」後日、テレビを見た連れ子から鬼電→永久に無視してやった結果w,転載の可能性高（再生ほぼ0）
91,faustino karisa,https://www.youtube.com/channel/UCh1wgkzk9PVxPJshc_EWlIA,https://www.youtube.com/watch?v=cuby2mvuIs4,1,2,2 年前,0,https://www.youtube.com/watch?v=zoLRHo5Z1wA,56000,【スカッとする話】13億を築いた父の遺産を相続した途端、夫「お前の金は全部俺の金だw逆らったら離婚だからな」義両親「嫁の金は私の金w」私「え？私は独身ですけど？」夫・義両親「え？」,転載の可能性高（再生ほぼ0）
92,tharwatism,https://www.youtube.com/channel/UChKYw3lxZr77uvRxKlt4NBw,https://www.youtube.com/watch?v=cVFaHyuFUBA,2,4,5 か月前,2,https://www.youtube.com/watch?v=ggQWFYLMQqE,430000,【スカッと総集編】長男の結婚式前夜、ペットカメラを確認すると誰もいないはずの寝室で夫と長男嫁が真っ最中…音量を最大にして式場で実況中継してやった結果w【修羅場】,転載の可能性高（再生ほぼ0）
93,Айдын Сарсенбай,https://www.youtube.com/channel/UC62HBorJEHWEEvX5smGooqw,https://www.youtube.com/watch?v=Trc-xBRqAno,1,2,2 年前,0,https://www.youtube.com/watch?v=zqzq4IUgEQI,29000,【スカッとする話】私が両足を骨折して入院した時も見舞いに来なかった夫が緊急搬送。夫「大変だ！今すぐ見舞いに来い！」私「いいけど、後悔するよ？」夫「しねぇよ！早くこいクズ！」結果w,転載の可能性高（再生ほぼ0）
94,Миша Попов,https://www.youtube.com/channel/UCjX95A6FcjSVjAdzWN2lDDQ,https://www.youtube.com/watch?v=-dR-4_BicRs,1,2,2 年前,0,https://www.youtube.com/watch?v=oU0HOzkHlYs,33000,【スカッとする話】高熱で早退して家に帰ると仕事に行ったはずの夫がママ友と真っ最中…私「うわ…キモすぎて無理…」コッソリ２人の動画を撮影し義両親と親戚一同に送った結果ｗ,転載の可能性高（再生ほぼ0）
95,【スカッと】169,https://www.youtube.com/channel/UCzOI_xRWCf_Mu2bP6H3OygQ,https://www.youtube.com/watch?v=-ls3S2X-rcY,1,2,3 年前,5,https://www.youtube.com/watch?v=Y2gd4ALsvP0,41000,【スカッとする話】父の会社を引き継いだ私に夫と息子夫婦「社長の月収はいくら？w」私「今不景気だし20万かな」嫌な予感がして嘘の金額を教えると...翌日、夫と息子夫婦が会社に来て...【修羅場,転載の可能性高（再生ほぼ0）
96,さあ、どうぞ,https://www.youtube.com/channel/UCG-XF2tttCtNESz__p6GQ7w,https://www.youtube.com/watch?v=hsi88P-3wn4,1,2,2 か月前,2,https://www.youtube.com/watch?v=GgVCrrU6ykU,30000,【スカッとする話】親族の集まりでエリート夫「うちのは家事も掃除もしない汚嫁ですw」私「は？一体誰の話してんの？あんたいつも社宅じゃない」義両親「は？」,転載の可能性高（再生ほぼ0）
97,とする話 ,https://www.youtube.com/channel/UC-1KoQRWd1ijwgKpAmRTQ7A,https://www.youtube.com/watch?v=_s2GHQeq7pA,1,2,1 年前,1,https://www.youtube.com/watch?v=rqjTvPUHuk0,29000,【スカッとする話】正月に義実家に帰省すると、姑「他人の子供にお年玉はやらんw」キレた私は義実家への仕送りを停止し永久に他人扱いした結果w,転載の可能性高（再生ほぼ0）
98,シニア恋愛,https://www.youtube.com/channel/UCnd6MdoC_kW2CQVyL1AEERA,https://www.youtube.com/watch?v=j_RDyPYSxNU,2,3,4 か月前,74,https://www.youtube.com/watch?v=vQdhdcwgO20,21000,【スカッとする話】父が急逝し女社長になった私。副社長「これ退職届80人分wコネだけの女は皆無理ってw」翌日、新聞を見た元部下が土下座→全員を無視してあげた結果w【朗読】【スカッと】,要中身確認（一部に再生あり）
99,スカっとゼミ!!,https://www.youtube.com/channel/UC9Hd679L2faWD0aJQHeAlrA,https://www.youtube.com/watch?v=tc-9FGKPWTs,1,2,1 年前,7509,https://www.youtube.com/watch?v=VrctjOjY0Ts,88000,【スカッとする話】単身赴任中の私に夫から速達で離婚届…夫「息子も離婚して欲しいってw」私（やっと自由になれるw）大喜びして離婚届を提出し家を売り払い更地にするとw,要中身確認（再生あり＝台本違いの可能性）
100,スカッとじゃぱん,https://www.youtube.com/channel/UCRoM_0capkpqnX5D1Hnsrog,https://www.youtube.com/watch?v=M5GKvvwHUDA,1,2,1 年前,0,https://www.youtube.com/watch?v=MTySh2E0WIk,28000,【スカッとする話】父の遺産を全て奪った長男夫婦「金無しババアは邪魔」母すらも家から追い出し怒り心頭の私に母が一言「あの子達、人生終わったわね」私「え？」実は…【修羅場】,転載の可能性高（再生ほぼ0）
101,スカッとストーリー 5635,https://www.youtube.com/channel/UCDAnLvihor40j12cQDrzmUA,https://www.youtube.com/watch?v=tQ1XvCOdJuM,1,2,1 か月前,646,https://www.youtube.com/watch?v=iE-UD8P2GXA,72000,【スカッとする話】私がグループ24社の社長と知らず、私と赤ちゃんを捨て愛人と再婚した夫「ガキ増えて生活大丈夫そ？w」私「うんw（お前と違ってな）」1ヶ月後、号泣の夫が新居に現れw【朗読】【スカッと】,要中身確認（再生あり＝台本違いの可能性）
102,スカッと劇場,https://www.youtube.com/channel/UCW6SwIOvLC97iXTV3xnC3Cg,https://www.youtube.com/watch?v=AuHwfyqZYHI,1,4,5 か月前,4,https://www.youtube.com/watch?v=ggQWFYLMQqE,430000,【スカッと総集編】長男の結婚式前夜、ペットカメラを確認すると誰もいないはずの寝室で夫と長男嫁が真っ最中…音量を最大にして式場で実況中継してやった結果w【修羅場】,転載の可能性高（再生ほぼ0）
103,人妻アリサのスカッと朗読〜独り言〜,https://www.youtube.com/channel/UCGDzeD-ic2gFTEt4H6mRhBg,https://www.youtube.com/watch?v=fgWa-IUqd7w,1,2,1 年前,0,https://www.youtube.com/watch?v=HmffsNJN_qU,21000,【スカッと】お盆に息子と帰省すると元夫に遭遇。元夫「不妊女がバツイチ男と再婚か？w」私｢私の再婚相手紹介してあげるね｣直後、元夫の態度が急変し…ｗ,転載の可能性高（再生ほぼ0）
104,人生の一頁 5631,https://www.youtube.com/channel/UC342_Tf8mM_bScq2p9d7lcg,https://www.youtube.com/watch?v=lvIg074pDHA,2,3,2 週間前,222,https://www.youtube.com/watch?v=dzwFny9DVj0,62000,【スカッと】親族の集まりに夫と行くと7歳の姪「お絵描きしたから見て！」姪が描いた不思議な絵を見ると、夫「 あれ？まさか…」私「うん」姪のSOSに気づいた夫と私は…,転載の可能性高（再生ほぼ0）
105,人生の光と影,https://www.youtube.com/channel/UCYX4tsWpykTmtfNq_i36C_w,https://www.youtube.com/watch?v=cYepYy4CPGU,1,2,5 日前,87,https://www.youtube.com/watch?v=Ru27si_54MQ,300000,【スカッとする話】結婚し幸せな日常を送る息子が急逝し13日後、私宛に亡き息子から手紙が届いた。手紙「俺の代わりに嫁に復讐を...」手紙で指定された場所に行った私は恐怖で震えだし...,要中身確認（一部に再生あり）
106,人生の小径、Love in later life,,https://www.youtube.com/watch?v=XdEKWgjOb-I,1,2,1 か月前,9,https://www.youtube.com/watch?v=q3GnEwyCGbE,18000,【スカッとする話】夫の手帳から愛人と隠し子との家族写真、更に離婚届が…。私「離婚したいから出せってことか！」即提出して夫の荷物を全て処分→黙って永久に姿を消した結果w,転載の可能性高（再生ほぼ0）
107,人生の感動物語,https://www.youtube.com/channel/UCLq7Bngo0s5xFWKcyKaJHWA,https://www.youtube.com/watch?v=2bnA0iWe1fM,6,7,2 か月前,2,https://www.youtube.com/watch?v=NTuf2k99EWQ,270000,【スカッとする話】体調不良でパートを早退し家に帰ると夫が親友と真っ最中...コッソリ二人の動画を撮影し親友の夫に送ってやった結果w,転載の可能性高（再生ほぼ0）
108,人生の教訓 5696,https://www.youtube.com/channel/UChL0a6zTE7nHEavxEB0mGtQ,https://www.youtube.com/watch?v=pE7R3YQKIW0,1,2,3 週間前,1,https://www.youtube.com/watch?v=39BPJNaibmM,75000,【スカッとする話】父の会社を手伝って25年の私に夫「俺、来月引退することにした…会社は東京にいる長男に任せる」私「勝手にどうぞ。私今日でここ辞めるので」直後、父が半狂乱にw【朗読】【スカッと】,転載の可能性高（再生ほぼ0）
109,人生の晩年5045,https://www.youtube.com/channel/UCRajns3nAnfDW1XFNGE8mjg,https://www.youtube.com/watch?v=tH1-lLCCL1I,2,4,1 か月前,6,https://www.youtube.com/watch?v=n-_5T-nb0dg,37000,【スカッと】起業した夫を支えてきた私を裏切った夫「21歳のバイトを妊娠させた！離婚しで！」私「はーい、仕事も辞めるね！」夫「は？仕事は続けてくれよ」私「嫌よ。だってあのバイト...」,転載の可能性高（再生ほぼ0）
110,人生逆転劇,https://www.youtube.com/channel/UChQ1QPCoCPRXlD5aqltcP2Q,https://www.youtube.com/watch?v=iDMUfsZ73Bo,1,2,1 か月前,27,https://www.youtube.com/watch?v=zb8EIRbjwZc,29000,【スカッと総集編】妊娠した私を捨て21歳の浮気相手と再婚した社長の夫「彼女が妊娠したから離婚w」20年後、公園で元夫と再会すると…【スカッと】【スカッとする話】【修羅場】,転載の可能性高（再生ほぼ0）
111,人生逆転噺5074,https://www.youtube.com/channel/UCSE8UrVc2WuisTfaKPVRjGA,https://www.youtube.com/watch?v=nPSLaGnDiuQ,1,2,1 か月前,1,https://www.youtube.com/watch?v=xZkf_P7X0BY,98000,【スカッとする話】兄夫婦の出産祝いで父親と家を訪ねると父「今すぐ帰る！車を出せ！」慌てる父に理由を訪ねると、父「バックミラー見てみろ」私「え？」【朗読】【スカッと】,転載の可能性高（再生ほぼ0）
112,今日の物語,https://www.youtube.com/channel/UCPXh5v9VEouZRWDFnMm2RNg,https://www.youtube.com/watch?v=41IKF-y9FF4,1,2,3 か月前,150,https://www.youtube.com/watch?v=Mpi2bhYFSsQ,140000,【スカッとする話】私が毎日12時間、義父の介護をしていると知らない夫「離婚しよう…お前と一緒はもう限界…」私「本当にいいの？」夫「当然w」→介護負担を伝えず即離婚して姿を消すと…w【朗読】【スカッと】,要中身確認（再生あり＝台本違いの可能性）
113,午後の茶室5033,https://www.youtube.com/channel/UCAY-Kr81JdEZjsie9IiR_bw,https://www.youtube.com/watch?v=c5j-gRh8bBE,1,2,3 週間前,136,https://www.youtube.com/watch?v=bDw-dlei5Gk,46000,【スカッと総集編】私が夫の入院費を払ってると知らず新居に引越した夫の連れ子「いつまで寄生虫するの？w」私「じゃ出てく」連れ子だけ残し1億の豪邸に引越した結果w,転載の可能性高（再生ほぼ0）
114,嘘と温もり 5646,https://www.youtube.com/channel/UCxtvYnyBSRQBeUoKt9cvsmw,https://www.youtube.com/watch?v=VGZ8u9KN8Vs,1,2,3 週間前,0,https://www.youtube.com/watch?v=xyoQNySkFhc,100000,【スカッとする話】私の事が大嫌いな長男嫁「ウチの冠婚葬祭に義両親は絶対来ないで。嫌なら離婚する」私「いいけど、アナタ本当に大丈夫？後悔するよ？」長男嫁「しねぇよw二度と連絡してくんなw」→数ヶ月後w,転載の可能性高（再生ほぼ0）
115,堀田 あやか,https://www.youtube.com/channel/UCA_Jou4B-xo7nsjrqftqHJQ,https://www.youtube.com/watch?v=UVuBeZfUQlk,1,2,2 年前,0,https://www.youtube.com/watch?v=0AsFooilZ4k,120000,【スカッとする話】長男嫁から突然怒りの電話「お義父の介護費用、ちょっとはお義母さんも払ってください！」私「え？私に夫はいませんが」長男嫁「え？」実は…【修羅場】【スカッと】,転載の可能性高（再生ほぼ0）
116,壊れかけた巣 5653,https://www.youtube.com/channel/UCCxdsvXDsa6Fg4zEu_0fDoA,https://www.youtube.com/watch?v=gykK75sSLwQ,2,3,3 週間前,3,https://www.youtube.com/watch?v=McNVTi5SXBU,95000,【スカッとする話】姑との同居を勝手に決めた夫「引越しは済んだか？」私「うん！私の荷物も全部実家に送り終わったとこ」夫「え？実家？」結果w【修羅場】,転載の可能性高（再生ほぼ0）
117,大人のスカッと物語,https://www.youtube.com/channel/UC3_22iiSJgBR1aGvyoWj1gg,https://www.youtube.com/watch?v=1USAusebSpE,1,2,3 か月前,1,https://www.youtube.com/watch?v=mgV03N2miWM,43000,【スカッとする話】私が総資産11億の主婦と知らずに夫「仕事もしない役立たずは出てけw」連れ子「寄生虫は今すぐ母親辞めろw」私「承知しました」1年後、夫と連れ子から鬼電がw,転載の可能性高（再生ほぼ0）
118,姑の裏の顔 5668,https://www.youtube.com/channel/UCAUkwErZzfdQ5NFOS49O-rw,https://www.youtube.com/watch?v=HpCgM5Pwq-Q,2,3,2 日前,0,https://www.youtube.com/watch?v=5GO3xM_YnnI,83000,【スカッと総集編】私が家族9人を養ってると知らず荷物を全て捨てた義母「いつまで我が家に寄生するの？w」私「では引っ越しますね」義母だけ残し豪邸に引越した結果w,転載の可能性高（再生ほぼ0）
119,嫁と姑のリアル 5667,https://www.youtube.com/channel/UCEuTa9b4BOpvp3_4dEk6guA,https://www.youtube.com/watch?v=FAVJRNaB5lI,1,2,3 週間前,4,https://www.youtube.com/watch?v=GjfVbDfwW3A,29000,【スカッとする話】月収60万の夫が義母には50万渡すのに、私には生活費2万だけ…私は1ヶ月間食事を作らず外食を続けると→義母と夫が半狂乱に…w【朗読】【スカッと】,転載の可能性高（再生ほぼ0）
120,孤独な心,https://www.youtube.com/channel/UCSNdJwT8r-r8xVDRxs6utlw,https://www.youtube.com/watch?v=u1GSjSJh3R0,1,2,1 年前,17,https://www.youtube.com/watch?v=g4FVXeIsDTQ,140000,【スカッとする話】夫を略奪した姉から結婚式の招待状が届くと、父「母さんと2人で行くよ」母「地獄を見せてくるわね」普段温厚な両親がこの後...w,転載の可能性高（再生ほぼ0）
121,実話感動チャンネル、他 2 チャンネル,,https://www.youtube.com/watch?v=kxUtH92Mc5Q,2,3,1 か月前,4379,https://www.youtube.com/watch?v=cJTBStbKuvI,29000,【スカッとする話】里帰り出産から帰ると、浮気夫「すまん、離婚してくれ…」愛人「金目当ての女は消えてw」私「OK（大丈夫かな？w借金1億あるけどw）」【朗読】【スカッと】,要中身確認（再生あり＝台本違いの可能性）
122,家庭の奇妙な話 5500,https://www.youtube.com/channel/UCyECOcLVBmrEH9eCxnZtzEg,https://www.youtube.com/watch?v=H1qwUEBaWy0,2,3,3 週間前,3,https://www.youtube.com/watch?v=nmxjuOeyqQ8,23000,【スカッとする話】娘の寝室に入り5時間出てこない義父。不審に思った私と夫が静かに扉を開けた瞬間、私たちは顔面蒼白に…【朗読】【スカッと】,転載の可能性高（再生ほぼ0）
123,小刘同学,https://www.youtube.com/channel/UCVU7qdhT7ffUFt9LherXxwA,https://www.youtube.com/watch?v=Ih_wpUdxcEo,1,3,3 週間前,0,https://www.youtube.com/watch?v=4cntzQ0KsAA,130000,【スカッとする話】妹の出産祝いに義両親と行くと、夫「俺も自分の子供欲しいな」私「え？何言ってるの？目の前にいるじゃない」義母と義父「は？」二人がブチギレ,転載の可能性高（再生ほぼ0）
124,小川 まりこ,https://www.youtube.com/channel/UC53MBRQyKkDsuQiIxcBTGUQ,https://www.youtube.com/watch?v=ZutqMgKZErI,2,3,2 年前,0,https://www.youtube.com/watch?v=NAEwCqwiBcg,67000,【スカッとする話】私名義の4LDKマンションと知らず、強引に私を追い出す姑と義姉「家は貰う！寄生虫は出て行け！」稼ぎ頭の私「わかりました…」→私物を全て回収し、家賃30万の家だけ残した結果w【修羅場】,転載の可能性高（再生ほぼ0）
125,尴尬笑场团,https://www.youtube.com/channel/UCzUkBP4kXovWWNL8PmpEDbg,https://www.youtube.com/watch?v=h6_FVKQ7C9U,1,2,1 日前,0,https://www.youtube.com/watch?v=hRCh_bWpcgg,100000,【スカッとする話】私が義母の入院費を払ってると知らず新居に引っ越した夫「寄生虫は施設でもいけw」1億の高級施設に引越し入院費の支払も止めた結果w,転載の可能性高（再生ほぼ0）
126,山口 るみ,https://www.youtube.com/channel/UCUP10Hi7XrqedvibsczRs1A,https://www.youtube.com/watch?v=dKeZrvZkH6c,1,2,2 年前,0,https://www.youtube.com/watch?v=8k24mctnXF4,42000,【スカッとする話】夫が結婚式へ行くと娘が突然「パパが乗る飛行機が燃えてる...」私「え？一体どうしたの？」直後、不思議な力を持つ娘がある物を指差し、娘「あれが証拠だよ」実は...【修羅場】,転載の可能性高（再生ほぼ0）
127,心のラジオ 5704,https://www.youtube.com/channel/UCTYL3zm2mHCTixzhSZRtx0w,https://www.youtube.com/watch?v=Rwh6U-NjqG4,1,2,2 週間前,1,https://www.youtube.com/watch?v=-rCnVoxQEpM,62000,【スカッとする話】病院から突然の電話で看護師「夫さん倒れて緊急入院です！病院代支払いに来て下さい！」私「もう支払い済ですよ？」看護師「え？」実は…【朗読】【スカッと】,転載の可能性高（再生ほぼ0）
128,心温まるストーリー 4989,https://www.youtube.com/channel/UCS-VuYFB_DXsDhPHAzUS0JA,https://www.youtube.com/watch?v=2pKVUEdoXJI,1,3,3 週間前,19,https://www.youtube.com/watch?v=vQdhdcwgO20,21000,【スカッとする話】父が急逝し女社長になった私。副社長「これ退職届80人分wコネだけの女は皆無理ってw」翌日、新聞を見た元部下が土下座→全員を無視してあげた結果w【朗読】【スカッと】,転載の可能性高（再生ほぼ0）
129,心温まる物語 5715,https://www.youtube.com/channel/UCp5XuGGZyQWEBrJpOq-DHdw,https://www.youtube.com/watch?v=BDesDtjgN10,1,3,3 週間前,60,https://www.youtube.com/watch?v=-4yhJ5v7T4s,17000,【スカッとする話】大手銀行で5時間待たされた。私「30億おろします」銀行員「残高300円じゃねーか底辺ババァw」私「貸金庫のお金30億他に移すわ」,転載の可能性高（再生ほぼ0）
130,悠久の日本物語、Love in later life,,https://www.youtube.com/watch?v=VdMoB4jLY94,1,2,1 か月前,37,https://www.youtube.com/watch?v=wdxUcG1tem8,200000,【スカッとする話】母の葬儀中に夫から電話「親戚の集まりなのにサボるな！親の葬儀とか知るか今すぐ来い」私「分かりました」喪服のまま駆け付けた結果ｗ,転載の可能性高（再生ほぼ0）
131,愛憎の交差点 5648,https://www.youtube.com/channel/UCZ27s-bExyb-zcqGkYvoicQ,https://www.youtube.com/watch?v=KBXbnqmHN3c,1,2,3 週間前,0,https://www.youtube.com/watch?v=F74TRQPted4,230000,【スカッとする話】体調不良でパートを早退し家に帰ると夫が義母と真っ最中...私「お義父さん、大変です！」義父をその場に凸させた結果w,転載の可能性高（再生ほぼ0）
132,感動する話  026,https://www.youtube.com/channel/UCqHEaSgEBh5CGxnv61bbyvQ,https://www.youtube.com/watch?v=i287iWPogAM,2,3,3 年前,2,https://www.youtube.com/watch?v=luo2hcOOZik,140000,【スカッとする話】私と夫の事が大嫌いな長男夫婦「俺達の結婚式は欠席しろ。嫌なら絶縁する」私「いいけど、アナタ達本当に大丈夫？後悔するよ？」長男「しねぇよw二度と連絡してくんなw」数ヶ月後w【修羅場】,転載の可能性高（再生ほぼ0）
133,感動のストーリー 5718,https://www.youtube.com/channel/UChJXskMmVDbiJsbH0jjVRUg,https://www.youtube.com/watch?v=PhzawcLuby0,1,2,4 週間前,3,https://www.youtube.com/watch?v=292Mju-11jU,42000,【スカッとする話】余命半年と宣告された私に夫「保険金3000万楽しみだ！仕事も辞めちゃおうかなw」私（受け取れるわけないのにw）半年後、夫が半狂乱にw【朗読】【スカッと】,転載の可能性高（再生ほぼ0）
134,感動の話,https://www.youtube.com/channel/UCZE_yArcdxL_mMeMGYBVO8A,https://www.youtube.com/watch?v=msusD7MaUzo,2,3,6 か月前,354,https://www.youtube.com/watch?v=tfbycPtFjbg,170000,【スカッとする話】義母を10年介護している私に夫「離婚してくれ…老後もお前と一緒は無理…」私「じゃあ介護と嫁辞めるね」即離婚して沖縄に引越すと夫から鬼電→携帯解約し永久に無視した結果w【朗読】,要中身確認（再生あり＝台本違いの可能性）
135,感動サプライズ朗読 ,https://www.youtube.com/channel/UCVwHsLnY-oFWKcwz_e3OiTw,https://www.youtube.com/watch?v=mqxqoDxdiEI,1,2,2 年前,42,https://www.youtube.com/watch?v=0U4B813ccGQ,37000,【スカッとする話】私が癌で入院になった途端に夫「通帳と印鑑はどこにあるんだ？俺が管理してやるから任せろw」私「5000万あるから宜しく」→1ヶ月後、通帳と印鑑と共に離婚届けだけを残し夫が消えた...,転載の可能性高（再生ほぼ0）
136,感動スカッ,https://www.youtube.com/channel/UC_AlxSO8zevgbkHYbk8WFzA,https://www.youtube.com/watch?v=ED3hBxqLxrQ,1,2,1 年前,1,https://www.youtube.com/watch?v=yefpSXnGZOg,150000,【スカッとする話】私名義の新築戸建と知らず里帰り出産で我が家に来た娘「母さんの部屋は私が使うw」夫「お前は車で寝てろw」私「わかりました...」→キレた私が家を売り払うと...w,転載の可能性高（再生ほぼ0）
137,日常の物語 5630,https://www.youtube.com/channel/UCrhCCeFTpz-DPK7whyTKW8A,https://www.youtube.com/watch?v=1qrlGonnGX0,1,2,3 週間前,80,https://www.youtube.com/watch?v=F8aYLPS1MQo,230000,【スカッと総集編】長男夫婦からの仕送りがなぜか毎回5010円。不審に思い長男に尋ねると「俺は振り込んで無いけど？」私「はい？」実は…【修羅場】【スカッと】【スカッとする話】,転載の可能性高（再生ほぼ0）
138,日料寿司料理,https://www.youtube.com/channel/UC8w8D_s25Z0LGR34gpcn2JQ,https://www.youtube.com/watch?v=alZdxZpSk_k,1,2,2 週間前,2,https://www.youtube.com/watch?v=jcLkESG2h5U,47000,【スカッと】単身赴任の夫の家へサプライズで行くと記入済みの離婚届が...私「お望み通り提出するか」速攻で提出して携帯解約し家を売却して海外移住した結果w,転載の可能性高（再生ほぼ0）
139,日本の物語 〜老後の人生〜,https://www.youtube.com/channel/UCEZOpLWYD1o09D4aS_BZmbA,https://www.youtube.com/watch?v=AH8CnLKGWQM,1,4,1 か月前,28,https://www.youtube.com/watch?v=n-_5T-nb0dg,37000,【スカッと】起業した夫を支えてきた私を裏切った夫「21歳のバイトを妊娠させた！離婚しで！」私「はーい、仕事も辞めるね！」夫「は？仕事は続けてくれよ」私「嫌よ。だってあのバイト...」,転載の可能性高（再生ほぼ0）
140,昭和の記憶、感動する話,,https://www.youtube.com/watch?v=gEeA_My_hRM,1,2,5 か月前,46,https://www.youtube.com/watch?v=ZRMhr32Ws-4,64000,【スカッとする話】実家へ向かう電車に乗る直前、見知らぬ老人に服を引っ張られ、老人「行っちゃダメ、信じてくれ」老人の言う通りにすると、半狂乱の義家族から鬼電がw【朗読】【スカッと】,転載の可能性高（再生ほぼ0）
141,柚子茶と回想,https://www.youtube.com/channel/UCsSsbPhLxU5hpXwmCpIG6og,https://www.youtube.com/watch?v=74VND3JY1KM,1,3,5 か月前,541,https://www.youtube.com/watch?v=tfbycPtFjbg,170000,【スカッとする話】義母を10年介護している私に夫「離婚してくれ…老後もお前と一緒は無理…」私「じゃあ介護と嫁辞めるね」即離婚して沖縄に引越すと夫から鬼電→携帯解約し永久に無視した結果w【朗読】,要中身確認（再生あり＝台本違いの可能性）
142,段小段,https://www.youtube.com/channel/UC73C1p_AtHaQAjc8wiv54mw,https://www.youtube.com/watch?v=hl0tnMTRcoE,1,2,5 日前,0,https://www.youtube.com/watch?v=7BkfeUd5plU,76000,【スカッとする話】私が役員報酬で家計を支えていると知らず夫を略奪し引越した愛人。愛人「家政婦で良いなら住所教えるよw」私「じゃ時給780円の夫とは離婚で」愛人「寝言は寝て言えw」結果w,転載の可能性高（再生ほぼ0）
143,毎日が喜び,https://www.youtube.com/channel/UCms4kBFMhD7L74TA7J7ikaQ,https://www.youtube.com/watch?v=pAkI99M8o5I,1,2,3 か月前,3,https://www.youtube.com/watch?v=ULpnjx45zHg,31000,【スカッとする話】医者の婚約者を奪った妹「高収入の彼は私が貰うｗブサイクは庶民と合コンしてろw」直後、お腹を抱え大爆笑した私→私「病院の院長は私だけど？」,転載の可能性高（再生ほぼ0）
144,毎日新しい物語,https://www.youtube.com/channel/UCPQauCR7i_WSrZhft4ORBbg,https://www.youtube.com/watch?v=kcvkSGcWDwM,1,2,2 年前,227,https://www.youtube.com/watch?v=nN0MMqPfpd0,40000,【スカッとする話】私の両親が亡くなった途端、実家を勝手に建て替えた夫「愛人と隠し子と住む家建てるw」私「アンタら終わったね」3日後、夫と愛人が半狂乱にw,要中身確認（再生あり＝台本違いの可能性）
145,涙が止まらない本当の話,https://www.youtube.com/channel/UC-rAVI-jHz59_dhCmwgr3wg,https://www.youtube.com/watch?v=QEp7k6Cqlxc,2,3,4 か月前,589,https://www.youtube.com/watch?v=ZSMzLBZN4z0,12000,【スカッとする話】手術当日、怯える私を見捨て、平然と飲み会へ向かった夫。1年後、夫の癌が発覚すると夫「怖いから来てくれ、頼む」私「飲み会だから無理w」結果w【朗読】【スカッと】,要中身確認（再生あり＝台本違いの可能性）
146,涙が止まらない本当の話、心に響く感動ストーリー,,https://www.youtube.com/watch?v=qhhzp0sGBag,1,7,4 か月前,889,https://www.youtube.com/watch?v=NTuf2k99EWQ,270000,【スカッとする話】体調不良でパートを早退し家に帰ると夫が親友と真っ最中...コッソリ二人の動画を撮影し親友の夫に送ってやった結果w,
147,涙の数だけ 5716,https://www.youtube.com/channel/UCw2xsZd4GSJowgB3QGFuxLQ,https://www.youtube.com/watch?v=Sztz4XKNtGk,2,3,3 週間前,65,https://www.youtube.com/watch?v=nb_aRD_6UTg,27000,【スカッとする話】親友が急逝し女手一つで引き取り育てた娘の結婚式で私の席にだけ盛り塩が置かれていた。医者の新郎母「母子家庭の母は一族の恥w」娘「…母さん帰ろう」私「…うん」翌日、新郎一家は全てを失い…,転載の可能性高（再生ほぼ0）
148,涙の食卓 5651,https://www.youtube.com/channel/UCDts-8SRBGNQEaBIhxtE0tw,https://www.youtube.com/watch?v=gq_ltzd-xGY,1,圏外,3 週間前,0,https://www.youtube.com/watch?v=4HBdhL1n_XU,280000,【スカッと総集編】新築4LDKを購入した途端、夫「明日から長男夫婦と同居する！」長男嫁「逆らったら介護しませんよw」私「は？私は独身ですけど？」夫・長男夫婦「は？」結果w,転載の可能性高（再生ほぼ0）
149,潮汕鱼小庄,https://www.youtube.com/channel/UC8raI5CKlVfy9JxZhQb2gGA,https://www.youtube.com/watch?v=paLwWEepddQ,1,2,2 日前,42,https://www.youtube.com/watch?v=Y2GawdK7Q9E,100000,【スカッとする話】長男夫婦に初孫が生まれ出産祝いに行くと長男嫁「二人は汚いので床でいいですか？w」長男「ジジババは段ボールの上でw」夫「...帰るか」私「うん」速帰宅し→永久に無視した結果w,転載の可能性高（再生ほぼ0）
150,略奪女を成敗する,https://www.youtube.com/channel/UCJp73l8_hVv3B87urdWKPQA,https://www.youtube.com/watch?v=5HXJqNSX7Ds,1,2,1 か月前,2,https://www.youtube.com/watch?v=JaGjTAkTfxQ,300000,【スカッとする話】私が夫の入院費を払ってると知らず私の荷物を全て捨てた夫の連れ子「もうパパに寄生するなw」連れ子を残し1億のタワマンに引越し入院費の支払いも止めた結果w,転載の可能性高（再生ほぼ0）
151,秘密と嘘の家 5436,https://www.youtube.com/channel/UCFu4mcOSv2LuCDSSbnFcMXw,https://www.youtube.com/watch?v=QrVr4xYpFIs,1,3,4 週間前,1,https://www.youtube.com/watch?v=nmxjuOeyqQ8,23000,【スカッとする話】娘の寝室に入り5時間出てこない義父。不審に思った私と夫が静かに扉を開けた瞬間、私たちは顔面蒼白に…【朗読】【スカッと】,転載の可能性高（再生ほぼ0）
152,秘密の重さ 5647,https://www.youtube.com/channel/UCRxTgybyclgid9aIBdIXUVA,https://www.youtube.com/watch?v=fgGZTp2-9So,1,2,2 週間前,2,https://www.youtube.com/watch?v=da0XdCuaRR4,130000,【スカッとする話】私がフルタイムで働き家計を支えていると知らず夫と引っ越した義両親「同居するなら月給80万の息子の新居教えるわw」私「では手取り8万の旦那とは離婚で」義両親「嘘つくなw」結果w,転載の可能性高（再生ほぼ0）
153,結婚後の生活,https://www.youtube.com/channel/UC9Nq5Tyz6qzWqrXjucfmm_A,https://www.youtube.com/watch?v=F8fUGxI65ic,5,7,4 か月前,22,https://www.youtube.com/watch?v=NTuf2k99EWQ,270000,【スカッとする話】体調不良でパートを早退し家に帰ると夫が親友と真っ最中...コッソリ二人の動画を撮影し親友の夫に送ってやった結果w,要中身確認（再生あり＝台本違いの可能性）
154,美しい木,https://www.youtube.com/channel/UCKDhvWl0boDNeo65NQzjbOg,https://www.youtube.com/watch?v=xAHW3dG1V5M,1,2,3 か月前,0,https://www.youtube.com/watch?v=3WJaWicyrhk,25000,【スカッとする話】長男夫婦の結婚式の帰宅中、突然激怒する夫「犯罪者のクズとは離婚！毎月の仕送り5万盗んでただろ！」 私「承知しました...」 即離婚して仕送り辞めた結果w【スカッと】,転載の可能性高（再生ほぼ0）
155,近藤 智 ,https://www.youtube.com/channel/UCGrrWOm-FX7EsUB4uGVtxCA,https://www.youtube.com/watch?v=FGbjMRQItrA,2,3,1 か月前,178,https://www.youtube.com/watch?v=iT0GjRHrB6w,260000,【スカッとする話】年末年始の親族の集まりで20人分のおせちをゴミ箱にぶちまけたエリート夫「親戚にマズイ飯を作るな！」私「私は何も作ってないよ？」夫「え？」実は...,要中身確認（再生あり＝台本違いの可能性）
156,逆転ストーリー 5008,https://www.youtube.com/channel/UCriVTHI8ZSlCtGVvqIqnMSw,https://www.youtube.com/watch?v=oOG4kNeC0o8,1,2,1 か月前,117,https://www.youtube.com/watch?v=sd51TvGQSo0,49000,【スカッとする話】夫と作業着で株主総会へ行くと総務部長「小汚い貧乏人は帰れw」夫「俺、大株主なんだけど…」部長「じゃあ全株売ってみろよw」私「もしもし？全株（999億）売却で」結果w【朗読】,要中身確認（再生あり＝台本違いの可能性）
157,都会の孤独5052,https://www.youtube.com/channel/UCTWwkNBKuUw8iJZaqGYyivA,https://www.youtube.com/watch?v=GFc6HQj6EGQ,1,2,1 か月前,0,https://www.youtube.com/watch?v=Yfo6v4-ZtHc,220000,【スカッとする話】私が義父の入院費を払ってると知らず私の荷物を全て捨てた夫「もう俺に寄生するな穀潰しがw」夫を残し1億の豪邸に引越し入院費の支払いも止めた結果w,転載の可能性高（再生ほぼ0）
158,陽咲,https://www.youtube.com/channel/UCkWQ3TuNHjERVg8BInHuS-Q,https://www.youtube.com/watch?v=6RRRd0Fql0c,1,2,2 か月前,0,https://www.youtube.com/watch?v=Rw2iIdnpgQY,39000,【スカッとする話】私を低収入扱いする長男夫婦。長男嫁「低収入の義母は出てけw」長男「俺もこんな母親いらないw」お望み通り口座を0円にして、1年間家を出た結果w,転載の可能性高（再生ほぼ0）
159,隠された才能 5633,https://www.youtube.com/channel/UCxSupAhazSWDXBtwag7MUbA,https://www.youtube.com/watch?v=cnKO3QZMVLk,1,2,3 週間前,113,https://www.youtube.com/watch?v=L6kEKzkIxIU,43000,【スカッとする話】同窓会でいじめられた私。同級生「乞食は残飯食ってろw」1時間後、息子が現れた途端、同級生の態度が急変し…w【朗読】【スカッと】,要中身確認（再生あり＝台本違いの可能性）
160,雨の中の記憶、静かな終わり,,https://www.youtube.com/watch?v=WJocrLwyLiM,1,2,4 週間前,2,https://www.youtube.com/watch?v=cOi4yMZgKgk,37000,【スカッとする話】70歳記念の夫婦旅行に財布を持たず便乗する長男夫婦。長男嫁「今日もごちになりますw」長男「今回は嫁の両親も呼んだよw」私「別にいいわよ。今日で最後だし」長男嫁「え？」,転載の可能性高（再生ほぼ0）
161,静かな夜の物語、お話の部屋,,https://www.youtube.com/watch?v=Tfysps_BXAs,1,2,4 週間前,6,https://www.youtube.com/watch?v=2HkpvXHVMuM,86000,【スカッとする話】息子夫婦の家へ行くと8歳の孫が地下室で鎖に繋がれ寝ていた...私「一体どうしたの？」孫「いつもの事だけど？」私「は？」キレた私は家を売却し更地にし...,転載の可能性高（再生ほぼ0）
162,静かな夜の物語、静かな終わり,,https://www.youtube.com/watch?v=TNvNxxjv3I8,1,2,1 か月前,0,https://www.youtube.com/watch?v=QYxlZ4M3Tcs,81000,【スカッとする話】注文した料理に一切手をつけない夫。私「食べないの？」夫「...」会計時、店員の手の動きを見た瞬間、私はガクガク震えだし...,転載の可能性高（再生ほぼ0）
163,静かな話 5629,https://www.youtube.com/channel/UC0d7olDuujDBFI3bhVL4fPg,https://www.youtube.com/watch?v=h9V7FM7lV-U,1,2,3 週間前,54,https://www.youtube.com/watch?v=3Zu1EEzUQkY,31000,【スカッとする話】雪山に生き埋めにされ天才孤児に救われた財閥会長の私。救急車で運ばれ病院で子供と再会。孤児「ここは危ないから逃げて！」衝撃の真実を知り私は顔面蒼白に…【朗読】【スカッと】,要中身確認（一部に再生あり）
164,高山美津世【感動★総集編】,https://www.youtube.com/channel/UC5H2HIMfOu-JA_xGcjAf5xA,https://www.youtube.com/watch?v=LaQSOyXPwTY,1,2,3 年前,21728,https://www.youtube.com/watch?v=i8zqcOBxHyo,37000,【スカッとする話】長男の海外主張中、癌で余命半年の私を奴隷扱いする長男嫁「家事も役立たずは出てけ！」私「はい...」泣きながら出て行くと長男とある人物がやってきて…【修羅場】【スカッと】,要中身確認（再生あり＝台本違いの可能性）
